"path","category","bytes","lines","sha256","coverage"
".devflow-project.json","configuration-and-assets","205","8","79f8f47caeb08b50b96b9fa80c2811eeced6953eea5c906f0d3deb182c03d4a9","complete-byte-read-and-line-inventory"
".gitattributes","configuration-and-assets","232","11","2f30b5270f6d4ae5a76036de35889e5bdd5f94ecb375e120a723731ef4272d7c","complete-byte-read-and-line-inventory"
".gitignore","configuration-and-assets","300","16","33bda600ace64c590e3f89aea9db5b32b84958d5e5d90b08d62a3964c1c1df1b","complete-byte-read-and-line-inventory"
"ARCHITECTURE-PLAN.md","root-reference-document","8573","194","a6760e4f4456942fd94d2e55deb9f5b892a1d56659625e1d9930da0bed10adf0","complete-byte-read-and-line-inventory"
"CLOUD-READINESS-PLAN.md","root-reference-document","12235","248","ed29a2587f74a64b1c318908daef36a92f0ccb935994c87344c3d9ffd5862610","complete-byte-read-and-line-inventory"
"DECISIONS.md","root-reference-document","10903","167","8683c77fc2f1e694b8f7df1a696468a768e300d111462291b35defbb6aed5b27","complete-byte-read-and-line-inventory"
"design-qa.md","root-reference-document","2987","43","1336fd538fbea4038e17debd33fa31a3da5626ba5ddfa42843760640fb591e3c","complete-byte-read-and-line-inventory"
"evidence/audit/tools/inventory-workspace.mjs","evidence","4801","79","d8fa229f865716f4126e2920d39f653954020dbd73226388582f7c3c480d8793","complete-byte-read-and-line-inventory"
"evidence/audit/tools/verify-audit.mjs","evidence","5302","107","6d029df15354dbb376133a3e464295d26851f2c61602e6771a7166d99c7b72f2","complete-byte-read-and-line-inventory"
"evidence/design-qa/design-qa.md","evidence","2878","39","8a8c2e07e6e753bf16f4772df61aaec83d8cd5fc4134703b6cbc3f2062b8cd9f","complete-byte-read-and-line-inventory"
"evidence/design-qa/v002-mobile-today-comparison.png","evidence","68312","","6ee11e9f16b936632fac1968fa376cbcb0323dc36d7e445a2d74a6c2c3fdfbeb","binary-byte-read-and-hash-only"
"evidence/design-qa/v002-mobile-today-final.png","evidence","36735","","daf6e737bbd4b47c977e2e2fc8f53cbb37bc4156427ae3784b525bcd12f42269","binary-byte-read-and-hash-only"
"evidence/design-qa/v002-mobile-today-pass1.png","evidence","29767","","32eb814b4d0cef9ae293cd8ed9a4a16247e7fe65d934c9e5dbb82efd1b42e1a7","binary-byte-read-and-hash-only"
"evidence/design-qa/v002-mobile-today-pass2.png","evidence","33364","","9dc2a83be949431960b33226720d3cff88b65f807afcd7b1ae67c395fe4c14ab","binary-byte-read-and-hash-only"
"evidence/design-qa/v002-mobile-today-pass3.png","evidence","35788","","46a62ff7dfb65b0c3659736df9bd1944c3b33469446a7c3c910332701f2db1ac","binary-byte-read-and-hash-only"
"evidence/design-qa/v003-desktop-today-comparison.png","evidence","1297693","","9eb135cabd977792df498bfe464047a07ed49e966faa191fdf878e6529185f99","binary-byte-read-and-hash-only"
"evidence/design-qa/v003-desktop-today-final.png","evidence","354839","","eb16914f92322fa699c8a8c78ceba98ae56130c26da0f04d48707692eec7f4a4","binary-byte-read-and-hash-only"
"evidence/design-qa/v003-mock-server.mjs","evidence","3280","120","182affed5206f523bc98f6fd5014f1cb319fd255f68d5e42609a601060976983","complete-byte-read-and-line-inventory"
"evidence/migration/MIG-001-trusted-time.md","evidence","4125","66","a7d4beccdab40549018a42af1d4d077f3d8ad877e684730ffd4066dccb9a1a05","complete-byte-read-and-line-inventory"
"evidence/migration/MIG-002-bulk-baseline-manifest.json","evidence","2767","79","a61a00074119fbab01f9f4dbe5fd86f09340a807264d6b29d36ceecb75df24e9","complete-byte-read-and-line-inventory"
"evidence/migration/MIG-002-bulk-baseline-report.md","evidence","9969","110","92f65073ee0a1b2d189cf74a93ea020bb832adf8613313e2db0e4972d4a897fd","complete-byte-read-and-line-inventory"
"evidence/migration/MIG-002-execution-prompt.md","evidence","16045","293","bfad8f5105a24e77828f21b0f1b55dffb29ae7167b9a2920163b61a6b1242c55","complete-byte-read-and-line-inventory"
"evidence/migration/MIG-002-manifest-parts/source-a-001.jsonl","evidence","247013","401","909bf02f7ed4dee31cc6cb24011570eb023574822f1daa999a6fc2758907a3d3","complete-byte-read-and-line-inventory"
"evidence/migration/MIG-002-manifest-parts/source-a-002.jsonl","evidence","276597","401","3bebf99f834b721435162c5370dad928d387df90cabdf645442aedd852910c93","complete-byte-read-and-line-inventory"
"evidence/migration/MIG-002-manifest-parts/source-a-003.jsonl","evidence","174263","362","f9dcedf83496a9d846526094703ba9f221d7374126e966164f8dfd1dcc9cff7d","complete-byte-read-and-line-inventory"
"evidence/migration/MIG-002-manifest-parts/source-b-001.jsonl","evidence","30500","80","ee4b94045490492cd9a834b488d1d7559a4086798e3911352c90fda0145ca756","complete-byte-read-and-line-inventory"
"evidence/migration/MIG-002-manifest-parts/target-baseline-001.jsonl","evidence","5779","18","0f002278bb94cdf240975a74dc5e67084ae41bea98eb6a649c9283672b3aa90f","complete-byte-read-and-line-inventory"
"evidence/migration/tools/generate-mig002-manifest.mjs","evidence","22246","513","3afa14a8ceda0ed051419a02238a8d7f14bfc9f2977dac609f83c066c5388eda","complete-byte-read-and-line-inventory"
"evidence/product/T010-current-web-audit.md","evidence","5608","100","f1c94c931dc80335c2326b2fabd47e2bcee898b9e6f6a1a5f65bcd58019c4002","complete-byte-read-and-line-inventory"
"evidence/product/T010-key-page-state-contract.md","evidence","12620","206","8ed858c611c2ec4e07bd0a6f883569ddf4157ec11a3300d4c371c4fb1f5ab8aa","complete-byte-read-and-line-inventory"
"evidence/product/T014-account-isolation-implementation.md","evidence","3994","53","9e3cf9c8d25909d70c2588bd28890412dbe67897ca54fab759a5a9dd87635f74","complete-byte-read-and-line-inventory"
"evidence/product/T015-capture-lifecycle-implementation.md","evidence","5725","64","0a64af5a8918ef63dd92b165cf14f97203fd2bdf56912c5ca9ad439c7378c9f5","complete-byte-read-and-line-inventory"
"evidence/product/T016-core-teaching-implementation.md","evidence","2124","28","d5527bd67f1248cc70e709e1a78e74d958f6d5cd3c73f3b02fd31ade3b6564f6","complete-byte-read-and-line-inventory"
"evidence/product/T016-core-teaching-plan.md","evidence","5998","104","2b2174fb6180ddcf110626ad9821a10e02a72c94cee8ac5f5ee3c08f4e941fa0","complete-byte-read-and-line-inventory"
"evidence/product/T017-ledger-contract.md","evidence","2530","40","75f4c8a18de74eb8bc0bd6a226e741b86cda9f6a21e8cb7cf21f0b55f7ab1908","complete-byte-read-and-line-inventory"
"evidence/product/T018-web-closeout.md","evidence","3249","37","9d22cf9b251423d065bd24f543fee2191cd30989076e6f4aa6ee151faa54d43d","complete-byte-read-and-line-inventory"
"evidence/product/T019-provider-agnostic-prep.md","evidence","2547","28","da9215c1718a01d63089f695e8ab588c484a9255f9733e7608e2c569b4ad97bf","complete-byte-read-and-line-inventory"
"evidence/product/T021-evidence-gate-prep.md","evidence","2409","27","b5fc4e83727119ea75241a4fdd78039f3151cb88d08174e491a627b7d3b4e9b8","complete-byte-read-and-line-inventory"
"evidence/product/T034-mobile-today-implementation.md","evidence","2585","38","372df3d10918a0ae482cf45c4aac789badeb0673064d467b19b6f55236e16a01","complete-byte-read-and-line-inventory"
"evidence/product/T035-desktop-today-implementation.md","evidence","5881","67","8313592eb705a6218159db6bb674a734e152d1ad801fcf047aded5d5f7f1e444","complete-byte-read-and-line-inventory"
"evidence/product/V001-confirmation-package.md","evidence","17255","190","844491814419557399b506ed03ccf3a4889838ccd2000e03e12698228ff3d68c","complete-byte-read-and-line-inventory"
"evidence/product/WECHAT-interface-reservation.md","evidence","4926","51","532630e7730237a8e32d25e9cedf1788a7a2e3ed2398eae178177187b3b34f19","complete-byte-read-and-line-inventory"
"evidence/t010-audit/01-agent-desktop-current.jpg","evidence","91636","","dad9baa79bfefddb6371c4d00551cdb64495eb48ba562f8c290f39ad6cb0befb","binary-byte-read-and-hash-only"
"evidence/t010-audit/02-today-desktop-current.jpg","evidence","68090","","fe49c3f2fb32e1fd34bf4d822eefad7f2c2bb023606a8a6fb22a70aa078f90db","binary-byte-read-and-hash-only"
"evidence/t010-audit/03-students-desktop-current.jpg","evidence","57739","","e6d2603f9a51518df56e7853a766d51d88f867aedda05de963c9c9174348cf20","binary-byte-read-and-hash-only"
"evidence/t010-audit/04-student-detail-desktop-current.jpg","evidence","63577","","fa77798b50c1e101e9f9cc8988902ac85430aa91e8a654100fe889a5fbb2012b","binary-byte-read-and-hash-only"
"evidence/t010-audit/05-schedules-desktop-current.jpg","evidence","68046","","e3c7530ec2af1af118e59cc404d31b6725627fb18f13525dabe3c9dea5abdd50","binary-byte-read-and-hash-only"
"evidence/t010-audit/06-schedules-mobile-current.jpg","evidence","34107","","aab1d748978a3e573c69093a3169b1ecbacef5cda603f66ca2eb4de19cbf721b","binary-byte-read-and-hash-only"
"evidence/t010-audit/07-agent-mobile-current.jpg","evidence","26609","","2fb10c1b31364154f1da637d31027ce240b966bdd04c3f1e9b3553d870b494b1","binary-byte-read-and-hash-only"
"evidence/t010-audit/08-today-mobile-current.jpg","evidence","33101","","ea5e22effc0313757939f4ee90a7f24de941dd0c9c3fe5d443a9fc81799b7e1a","binary-byte-read-and-hash-only"
"evidence/t010-audit/09-students-mobile-current.jpg","evidence","30474","","6f953350dc298a59dd1d88eaa412d10608e0e0d9e5e181c029bda6903c1baf60","binary-byte-read-and-hash-only"
"evidence/t010-audit/README.md","evidence","1033","13","7aa83060df233c054a03d146690aa3f5dba548b85eb1c2c35d4a96ea35c40a2b","complete-byte-read-and-line-inventory"
"evidence/t010-audit/SHA256SUMS.txt","evidence","874","10","7f8bbe36f02e409ccb28fc1b1816e317236497a3d4301f6f77ce0440f03def20","complete-byte-read-and-line-inventory"
"evidence/ui-reference/01-today-desktop.png","evidence","72354","","eb53719e1702f6f611ed82e52642ba1ade969019aa830b447fdc45dff345d707","binary-byte-read-and-hash-only"
"evidence/ui-reference/02-agent-desktop.png","evidence","50790","","7c1a6b52e4d311dd358bb504e649ed1d0be6642b1ff60fad3c5f302e8a1fb480","binary-byte-read-and-hash-only"
"evidence/ui-reference/02b-agent-confirmation-desktop.png","evidence","59617","","a6dd75d53896e86535f163072c85873ab4584af41043879310d7bea8c1c120b8","binary-byte-read-and-hash-only"
"evidence/ui-reference/02c-agent-tool-card-desktop.png","evidence","88068","","e90ab48efc79e373efe1ed5366c6c730a55503c67352588765d088fb8aab60a8","binary-byte-read-and-hash-only"
"evidence/ui-reference/03-students-desktop.png","evidence","50707","","89a2448303c94096ff52a3bf2bf1d2dfae861dea3a9a0411cdad6b1173838b9c","binary-byte-read-and-hash-only"
"evidence/ui-reference/04-student-detail-desktop.png","evidence","67319","","634dab475754b392ed7cf7fffa7bd9793d1943a1f01c056af0f509b6450a0929","binary-byte-read-and-hash-only"
"evidence/ui-reference/05-schedules-desktop.png","evidence","52439","","42521be73b9cfb05f036c1d4ffa71617562cd509f8ed4c989b4109e43a0aee9a","binary-byte-read-and-hash-only"
"evidence/ui-reference/06-finance-desktop.png","evidence","61706","","8d266596e9e74b3e773c15ef3d1e6624a88bc79073fb5cdde3f6d8859655d398","binary-byte-read-and-hash-only"
"evidence/ui-reference/07-feedback-desktop.png","evidence","82625","","386aa13c7e8288737c7654c11e042da2a71deb005fbf77240671e4341c967dd4","binary-byte-read-and-hash-only"
"evidence/ui-reference/08-settings-desktop.png","evidence","37313","","3b48a0346892d1df887c677e93462605c3cc5c8d3e75466d5b56050310c2b775","binary-byte-read-and-hash-only"
"evidence/ui-reference/09-today-mobile-390.png","evidence","28506","","835137659dcd3337ea9eeff43fc7b0fdf19f11bc753c30453f52d8a7cc018241","binary-byte-read-and-hash-only"
"evidence/ui-reference/10-agent-mobile-390.png","evidence","44694","","c651ccc97e12278194d65fb3d8ee96d16cb126b59a129d196c342e65302a4b08","binary-byte-read-and-hash-only"
"evidence/ui-reference/11-schedules-mobile-390.png","evidence","26393","","ba7b64c8fcd416dfc035c130aead10a2bc02b36f8b2ded98540dbfb1d84e9a56","binary-byte-read-and-hash-only"
"evidence/ui-reference/12-schedule-mobile-structure-reference.jpg","evidence","353642","","b07e0253ad9a842ada013ae4211d3ad04a60c8fc6b9c1e32ff125a8516c73b47","binary-byte-read-and-hash-only"
"evidence/ui-reference/PROVENANCE.md","evidence","1498","29","b76ec10052ea229349e293249ad7da90cc7d09f1717f9f988004dd783bdb09cf","complete-byte-read-and-line-inventory"
"evidence/ui-reference/README.md","evidence","1368","34","bc46187b9ea417b0159cb6ef071497487eff1ef524d60e85ab559f56b7772fd3","complete-byte-read-and-line-inventory"
"evidence/ui-reference/SHA256SUMS.txt","evidence","1302","15","14159aeb1cf15ab1caab756b0cac2a0906df57ff70342113e7ab4dcff7c69883","complete-byte-read-and-line-inventory"
"evidence/validation/BASELINE-FAILURES.md","evidence","7786","88","e38a6bba68a692633ddd5f431889f2e3e5668a82cdffc775b947559c8f0d8b92","complete-byte-read-and-line-inventory"
"MIGRATION-LEDGER.md","root-reference-document","15374","178","823632f9d1a96d4a8d254bcde91f6d86ade2d89c0a6dd3b4990cde3dced8f053","complete-byte-read-and-line-inventory"
"NEXT-TASKS.md","root-reference-document","16339","276","ab7a001df3f5d0c4c0cdfe2bbf020d88664ceb03af355f65c4bd138d840ba64e","complete-byte-read-and-line-inventory"
"package-lock.json","configuration-and-assets","198822","5776","b1adc93eeeea81c5c1d0383b2232110edb77ec50c254600fc8d7336f08321ed0","complete-byte-read-and-line-inventory"
"package.json","configuration-and-assets","2583","45","6efb6692f8afb95919330b0136f4e636f673e149c3a43dd2349c3cb4b9e5c975","complete-byte-read-and-line-inventory"
"packages/admin/index.html","configuration-and-assets","328","13","3dd7c575b420c165373ec102ea58231fdcfe1b4e78e6def2f3b1cbf79e50a60d","complete-byte-read-and-line-inventory"
"packages/admin/package.json","configuration-and-assets","803","29","341e1e481e37766df9e221b4a4fbfe1715129179aa6a5617653c88ddff9ea174","complete-byte-read-and-line-inventory"
"packages/admin/src/api/adminActions.test.ts","test-and-fixture","5868","160","8af11ce12e4aee0419a7b6d2943a2ea25f4915c5b17a57187686ec14a1bcefba","complete-byte-read-and-line-inventory"
"packages/admin/src/api/adminActions.ts","implementation","6097","164","f80f1ebf6e5a2599af7daa9290b0fe6a82444561cb8a353df2798dc8ef218313","complete-byte-read-and-line-inventory"
"packages/admin/src/api/adminAuth.test.ts","test-and-fixture","2709","80","fbaa33ba9a2d0d4b9c77df6bf723aa24450217210563e29fde685743a0eef485","complete-byte-read-and-line-inventory"
"packages/admin/src/api/adminAuth.ts","implementation","1318","41","0883d069d8c5133349f159b06bc5b667e5f5f05c64c746f5369849479938fadb","complete-byte-read-and-line-inventory"
"packages/admin/src/api/adminFeedback.test.ts","test-and-fixture","7126","205","30d8c3061d540b02a2a7df04d06c8e29e2599fc653de8dac81637395d417eb6a","complete-byte-read-and-line-inventory"
"packages/admin/src/api/adminFeedback.ts","implementation","5490","142","9903c19c19849113ae8737763eaa98d56b395c19c3c4fb095b8bb04cdcbb9f60","complete-byte-read-and-line-inventory"
"packages/admin/src/api/adminTeachers.test.ts","test-and-fixture","3116","98","c4ec9621a866c4b7069566e5436e37ff5256e45ee7337a558e8d4b2d6d16bc9a","complete-byte-read-and-line-inventory"
"packages/admin/src/api/adminTeachers.ts","implementation","2672","78","73ea105cd1ae771e848b68ea0eddcd15ef3e63c073d2936674bd3c409c48f805","complete-byte-read-and-line-inventory"
"packages/admin/src/api/adminUsage.test.ts","test-and-fixture","3560","95","ffcefe6055876a986a465ee90631302277f058893115a8a5474d24f6dc19a9da","complete-byte-read-and-line-inventory"
"packages/admin/src/api/adminUsage.ts","implementation","1753","53","e53cfc271320d5fb0892571ef87dce89b6e7f92b453c7acbe7066fb2cd445f98","complete-byte-read-and-line-inventory"
"packages/admin/src/api/client.ts","implementation","1934","68","83666931a11644e772158ec35314148e67003c3c6a91c3a070adb36f7161a72c","complete-byte-read-and-line-inventory"
"packages/admin/src/app/admin-auth-context.tsx","implementation","2877","103","3bbb2d8a8a9d10ffb0cb135e6c00018563280b60cb9d9d0f9c48852203fdf247","complete-byte-read-and-line-inventory"
"packages/admin/src/app/AdminShell.tsx","implementation","1946","57","2cf737b334afdb5a19491efecdf7495edcb25148f1e458322977b97fd15c383c","complete-byte-read-and-line-inventory"
"packages/admin/src/app/App.test.tsx","test-and-fixture","6979","172","1d3fca8df8b0684a04e5731f79aa075b51a320abbab6e37d7218b70cc07f1c61","complete-byte-read-and-line-inventory"
"packages/admin/src/app/App.tsx","implementation","3143","91","27e312988bde0d288c198541097edd17225254693ad13fb5c1d67ae0fea4b1ae","complete-byte-read-and-line-inventory"
"packages/admin/src/main.tsx","implementation","387","19","2bcd5c78f0a88699efd1a1bd5583eaac207a1784c58583d71541cd20ed8bb24e","complete-byte-read-and-line-inventory"
"packages/admin/src/pages/AdminLoginPage.test.tsx","test-and-fixture","3085","79","3ae00539757805f89dfd2cceb651ad6344928552063f51a09dd60f50cfd9f722","complete-byte-read-and-line-inventory"
"packages/admin/src/pages/AdminLoginPage.tsx","implementation","3053","89","7925e41f5bd0397391454e2181dc4d73da0bd937910293d2f4a1f08f52e58481","complete-byte-read-and-line-inventory"
"packages/admin/src/pages/AdminUsagePage.test.tsx","test-and-fixture","5729","123","f4ed1f5fbee13cf9ce3bd485bc5d1900e98aa2f6ec22d3e5467fe6fb88203a09","complete-byte-read-and-line-inventory"
"packages/admin/src/pages/AdminUsagePage.tsx","implementation","7513","187","2412e2e78833521825d57a7f4d4eb2da7542e4b3757c8957e18e558a043c60d0","complete-byte-read-and-line-inventory"
"packages/admin/src/pages/FeedbackBoardPage.test.tsx","test-and-fixture","13449","326","c07b197e9fcd953cfebe5b2a43aceade3dfd47dd016c3dca53dce0f4c6c515e8","complete-byte-read-and-line-inventory"
"packages/admin/src/pages/FeedbackBoardPage.tsx","implementation","22536","653","2ac71596b07a8cd984d71cc3492efaa1f2004a2365da1b62cf13d164eab63a3b","complete-byte-read-and-line-inventory"
"packages/admin/src/pages/HealthPage.test.tsx","test-and-fixture","2679","64","b4e0a63c1e0e038317678fd00676175d013f150ebfc7059a43d3555c8b954001","complete-byte-read-and-line-inventory"
"packages/admin/src/pages/HealthPage.tsx","implementation","5558","118","82fced4b3bb3a3844157fd9f80cf5ea6803eb61bdcd7ca39970e575caf6af1c7","complete-byte-read-and-line-inventory"
"packages/admin/src/pages/OverviewPlaceholder.tsx","implementation","387","12","765f652f34b1207af3acf366e7aa16a17de2419c94e7397d15a44b3a96fb129b","complete-byte-read-and-line-inventory"
"packages/admin/src/pages/TeacherDetailPage.test.tsx","test-and-fixture","8467","195","c08e725080667bda6be4337f9b2a9c2b0fb2404f080d14595335e2ce9b548766","complete-byte-read-and-line-inventory"
"packages/admin/src/pages/TeacherDetailPage.tsx","implementation","10397","262","1150460834b5f7329d53ca08596bfd6aa942b0ae79d9d1aacf6cf3b9befee70e","complete-byte-read-and-line-inventory"
"packages/admin/src/pages/TeachersPage.test.tsx","test-and-fixture","3032","54","46e273e404514219ef75877021488e4c18ec2ecd3fdaf1c59ecda4fccd2c5c8d","complete-byte-read-and-line-inventory"
"packages/admin/src/pages/TeachersPage.tsx","implementation","8214","144","550a7e0a2feeef26d79a693dcaac0e6c672da343ed9d6bbce8cfe025ce1e312c","complete-byte-read-and-line-inventory"
"packages/admin/src/shared/date-format.ts","implementation","924","32","423fbe315b9edafb4f2de095266f8617fc7de361327174b51f41a15bf1182bfc","complete-byte-read-and-line-inventory"
"packages/admin/src/styles/admin-usage.css","implementation","4628","239","3bdb4d8102b908183c1b79af4df8cfb0571e05d6773cfda771535f6644d75a15","complete-byte-read-and-line-inventory"
"packages/admin/src/styles/admin.css","implementation","11696","647","3a85185b1b6c1c72787af7e73b6e456f7a4e46b5ca3a2c4043f15efb37abd92b","complete-byte-read-and-line-inventory"
"packages/admin/src/styles/feedback-board.css","implementation","7860","420","e49ecaa70239051f72b414cc1297e6245ca59109a11524fcc47d2bb46506baf9","complete-byte-read-and-line-inventory"
"packages/admin/src/styles/patterns.css","implementation","3960","176","220da4555b212cbe29fff66076620d04fb52eb9f9b60f45b748afdeda426971a","complete-byte-read-and-line-inventory"
"packages/admin/src/styles/theme.css","implementation","1183","31","e74168c73991973a8ead4258fd9462ccd1ab2d7da6f1159992404e24bb605bb9","complete-byte-read-and-line-inventory"
"packages/admin/src/test/setup.ts","test-and-fixture","165","8","8d30e739aa417f39e0eb0dd06a8b63a65b1f80c36c6ba767d3e3bcac1a1a3e8b","complete-byte-read-and-line-inventory"
"packages/admin/src/test/vite-config.test.ts","test-and-fixture","296","10","bc28194b07abf50a1840735a3c1a2fd63b3a4f75e55565f50d23ac5db899389b","complete-byte-read-and-line-inventory"
"packages/admin/src/vite-env.d.ts","implementation","38","2","65996936fbb042915f7b74a200fcdde7e410f32a669b1ab9597cfaa4b0faddb5","complete-byte-read-and-line-inventory"
"packages/admin/tsconfig.json","configuration-and-assets","527","22","a590c6d45eb6afa9fc72c39ad1553478382b809071ab7b88061b021063a6c2c5","complete-byte-read-and-line-inventory"
"packages/admin/vite.config.ts","configuration-and-assets","628","25","7ba79a246dc8b1577b9aa2a7bd3501fb2b99a0a025ceb376909c6ae17836d708","complete-byte-read-and-line-inventory"
"packages/api-contracts/package.json","configuration-and-assets","547","24","9c38e577b06dbfe352c1eaeebd6fcc290c9d6f541b421085a6f201df6bc470dd","complete-byte-read-and-line-inventory"
"packages/api-contracts/src/common-error.ts","implementation","1311","60","38d96955283e34aa7b195de1d964cdbe76b633c5a76677ed800c2f4caa40ba03","complete-byte-read-and-line-inventory"
"packages/api-contracts/src/index.ts","implementation","338","14","11d842e9a6a937d656b010f0248cc2a13bab480e1ed2bc9588fe0f12e7c1d4b2","complete-byte-read-and-line-inventory"
"packages/api-contracts/src/result.ts","implementation","268","8","b0160db095f813b94326f2df062a400248a335e2578ed427f4a82900056f73ac","complete-byte-read-and-line-inventory"
"packages/api-contracts/test/common-error.test.mjs","test-and-fixture","1744","63","e3ff64781ba831b25fc6dc0b64d39fdee46e4c1d722984996fe7e298d8521708","complete-byte-read-and-line-inventory"
"packages/api-contracts/test/result.test.mjs","test-and-fixture","533","20","f94491d0ed57233b9d2d374fe3ec59f558c09abff352ed13b33c8f957c6749f5","complete-byte-read-and-line-inventory"
"packages/api-contracts/tsconfig.json","configuration-and-assets","208","15","927905c29e40709f337c62fed421d080ed94c811f95162a7fff77289b5014206","complete-byte-read-and-line-inventory"
"packages/backend/eslint.config.mjs","configuration-and-assets","700","28","0f046baa2d19501bfb8b820c4491172e126269375a7cfa3b75df0dabfc848c11","complete-byte-read-and-line-inventory"
"packages/backend/package.json","configuration-and-assets","922","36","c5c56395ecf92ea0645b1a1ad25f651e43b2ee5f18527506f58a5d347683ea68","complete-byte-read-and-line-inventory"
"packages/backend/scripts/run-tests-isolated.mjs","test-and-fixture","5897","180","cc901af958ff68474e3ff976f8e1671c4503dea9d58c40d43ae750acaf2961ad","complete-byte-read-and-line-inventory"
"packages/backend/scripts/test-database-safety.mjs","test-and-fixture","1311","36","5b7d97c2736e17be6a24da1a1d3349103ecd48436d8b9a9e6e03d6cdcbab6980","complete-byte-read-and-line-inventory"
"packages/backend/src/adapters/shared/create-message-adapter.ts","implementation","1001","28","6d8062ce9445acee74bc9641dd6eef37ef69e0dffefe0a1351c7dd1396dcf816","complete-byte-read-and-line-inventory"
"packages/backend/src/adapters/shared/index.ts","implementation","221","9","c84f42267f016e3d328125563cff7fe202170ca7180e3456565e2032dbd5a1ab","complete-byte-read-and-line-inventory"
"packages/backend/src/adapters/shared/message-types.ts","implementation","505","23","db85b62e6b4ef4a66ef61188bc499f7f196012c12394d8843fa0f8547c1fd411","complete-byte-read-and-line-inventory"
"packages/backend/src/adapters/telegram/index.ts","implementation","251","7","70c7ecbf7b7af8f7794a191451976963ced9caa5f248225a977ec649e7564d77","complete-byte-read-and-line-inventory"
"packages/backend/src/adapters/weather/index.ts","implementation","830","26","e6f4af7bdfb36e0ccd1372dffc3e7094083cbe5e3417ed355dd65d8cb44b2568","complete-byte-read-and-line-inventory"
"packages/backend/src/adapters/weather/types.ts","implementation","513","24","8b129a7e53742998447439d3006f2001a4c587ce3ec0aa0b944d04172e1b9b30","complete-byte-read-and-line-inventory"
"packages/backend/src/adapters/wechat-bot/index.ts","implementation","252","7","c6d8537a930c9d0dcea9094d42a461a3a15f8f91103a033cd0a4e3da1953e3c5","complete-byte-read-and-line-inventory"
"packages/backend/src/adapters/wecom/index.ts","implementation","248","7","1992a4a16aa88bcfc1151d06cdb244ce3278441dcfa695bbcbb36e9ad13cacec","complete-byte-read-and-line-inventory"
"packages/backend/src/app/agenda/agenda-projection.ts","implementation","8081","239","df5a88de7276b4cf218c7328142e50a4fba61b930467d9797651a56a1f7a6bd8","complete-byte-read-and-line-inventory"
"packages/backend/src/app/agenda/agenda-query.ts","implementation","6446","193","249c62d903ed6080493be6c5d07ab17e05b22e0f67da55b74c6b42729ff9e1f7","complete-byte-read-and-line-inventory"
"packages/backend/src/app/agenda/business-calendar.ts","implementation","4944","152","071d8794445f0d4858938d96ee031c501b52321418534926ab5d024ee1cf2803","complete-byte-read-and-line-inventory"
"packages/backend/src/app/agenda/index.ts","implementation","143","5","b9fe8bd270927b74a56035e1f6d7d7d1db6a57a2e11d307674d73dbb95c17944","complete-byte-read-and-line-inventory"
"packages/backend/src/app/agenda/types.ts","implementation","1699","54","b605c112f1056a25acb542252feaf61d44a657a319ef138dde4b9b133d035c43","complete-byte-read-and-line-inventory"
"packages/backend/src/app/composition/core-route-dependencies.ts","implementation","21975","440","6ec94b72a30a459d383343f3600bfeef239b1330a917dbd1f85d76b99f2dd217","complete-byte-read-and-line-inventory"
"packages/backend/src/app/composition/local-safe-mode.ts","implementation","338","10","fb63148aa76204d21d70982b23556de603328190b5581ca4b9856fc01d4b27a4","complete-byte-read-and-line-inventory"
"packages/backend/src/app/composition/types.ts","implementation","8923","187","1a6409e94584bd3a6cf1685e44df077a2ff7b35f8e69f1d5901164ba39142a52","complete-byte-read-and-line-inventory"
"packages/backend/src/app/composition/wechat-assembly.ts","implementation","9432","222","35200506fdddab18218e50435f20c26d79fabf1c9976d6299a64d900ab1f6f06","complete-byte-read-and-line-inventory"
"packages/backend/src/app/confirmation/confirmable-action-registry.ts","implementation","1460","41","0a0e06e474650f837865bfc777f23e0f9a9625192f507fb63dea5aa1be0d6741","complete-byte-read-and-line-inventory"
"packages/backend/src/app/confirmation/confirmation-gateway.ts","implementation","18919","447","3781073a641bbc2813aaf51eb15279b6ecea589cf69e6d0ed6eb5e8cfe767181","complete-byte-read-and-line-inventory"
"packages/backend/src/app/confirmation/confirmation-transaction-port.ts","implementation","1528","41","bbac0b2a792e3ac7b2bb29fb1f1a22930e8f14acd465821230665d491927c881","complete-byte-read-and-line-inventory"
"packages/backend/src/app/confirmation/database-action-executors.ts","implementation","6273","160","2fa4fcc3c60a23db41172c66792db70274ba3ab517dfee37a39492943aff579c","complete-byte-read-and-line-inventory"
"packages/backend/src/app/confirmation/database-confirmable-action-registry.ts","implementation","2713","58","a89999cd43bc2691b98c665be54112d69f1deec2e98e01e0cd83686a407778ad","complete-byte-read-and-line-inventory"
"packages/backend/src/app/confirmation/edit-action-executors.ts","implementation","11457","324","76fcffef143623f7a636c44660d2256538018d9c4778337278f7f711834b69e3","complete-byte-read-and-line-inventory"
"packages/backend/src/app/confirmation/edit-confirmation-intents.ts","implementation","16237","406","00752f80367ea1ae14778178f70fb523fac41beabf57b463428f0e964dbc7747","complete-byte-read-and-line-inventory"
"packages/backend/src/app/confirmation/feedback-status-action-executor.ts","implementation","10263","247","ccb95b830023261edf5ce42d9a38a79f33b3c97e67889932bec4969cf33da9ec","complete-byte-read-and-line-inventory"
"packages/backend/src/app/confirmation/index.ts","implementation","1929","40","19b97018f8e7d6ee5b26c665ee517b482e741365382255908b6d2a36f4fffc53","complete-byte-read-and-line-inventory"
"packages/backend/src/app/confirmation/payments-create-action-executor.ts","implementation","8001","214","333be0311e82d20c7e8b451636fcb31d4a88243c8211fbf9bb8319d7b2ab888b","complete-byte-read-and-line-inventory"
"packages/backend/src/app/confirmation/records-capture-action-executor.ts","implementation","11099","308","dcd8d240b50b5b1f4d1934a623c8afdb9b8bc56bb2301e76f4f0797622882b69","complete-byte-read-and-line-inventory"
"packages/backend/src/app/confirmation/types.ts","implementation","4697","140","6fd41d7c5e445b7ec74049f0c0eff6366561f958f8f885cd6624e1457e5089ea","complete-byte-read-and-line-inventory"
"packages/backend/src/app/middleware/database-router.ts","implementation","4403","115","e7073af5334699589fbd3066d8806b5b7a236856905525220f569c3c95db643f","complete-byte-read-and-line-inventory"
"packages/backend/src/app/middleware/rate-limit.ts","implementation","20353","491","bd2b0e879acd11aebc13a8117cc8c1067bcc51fad8be59022012781373e177e9","complete-byte-read-and-line-inventory"
"packages/backend/src/app/middleware/request-id.ts","implementation","2213","57","3c58c8862e9fbcbae237637d12197c2ce846baad6785d65357b59f71e83e3d61","complete-byte-read-and-line-inventory"
"packages/backend/src/app/middleware/require-admin.ts","implementation","250","8","126333ac4cfc85323139c5f669ffb1de53e9776442478c4059a60990c214d522","complete-byte-read-and-line-inventory"
"packages/backend/src/app/middleware/require-auth.ts","implementation","242","8","aca575c19a08b4af0d5c497fee858121e4adbc1e244625cee64b5bb50f11617e","complete-byte-read-and-line-inventory"
"packages/backend/src/app/presentation/index.ts","implementation","399","13","c25bbf0544053ee46455467827b1281d592f8121db996c3f53e73830628c9729","complete-byte-read-and-line-inventory"
"packages/backend/src/app/presentation/presentation-builder.ts","implementation","2805","100","aafcbe3a231c451a6a200c5ce658b603cb6e356a998f827389aebaa8935ca512","complete-byte-read-and-line-inventory"
"packages/backend/src/app/presentation/presentation-envelope.ts","implementation","6518","187","db043b3d03297c203afaed920931e416f4205b7e44fb5d20393dae874eaa990f","complete-byte-read-and-line-inventory"
"packages/backend/src/app/presentation/tool-result-presenters.ts","implementation","7903","223","e7c24d32a35d1e0abf700b1676de4dcc40cedc6c6fbe081a9624604b2cb8c7b3","complete-byte-read-and-line-inventory"
"packages/backend/src/app/reliability/execution-runners.ts","implementation","3410","102","945f9fdf6fc09ed5a87f87fdf7f1ae11c99ed2b694476395dd085a0ec70a1c36","complete-byte-read-and-line-inventory"
"packages/backend/src/app/routes/agenda.routes.ts","implementation","1322","39","ee66c9fee3bfb8743cc755655dc9f615d78946a73ff08803aabde6092ec8524c","complete-byte-read-and-line-inventory"
"packages/backend/src/app/routes/agent.routes.ts","implementation","3339","81","c55ef15b2ce877732a447b6340c50c0ff4e6fbd5776206d868fa8217b9f2dd0b","complete-byte-read-and-line-inventory"
"packages/backend/src/app/routes/ai-input.routes.ts","implementation","699","21","12d38bf025147528941f3316d32f1822e8284ffa9599a01ec10cf4257bce5767","complete-byte-read-and-line-inventory"
"packages/backend/src/app/routes/api-helpers.ts","implementation","3810","96","98105425b092e33eafed347bc737fb0df2d3f8fa7b44dcb61b53e34c68b602c5","complete-byte-read-and-line-inventory"
"packages/backend/src/app/routes/auth.routes.ts","implementation","6713","169","764a3248f4fe6ee2ce3e8f4107f1cf95e25f86c84390c97321aee90f80918b54","complete-byte-read-and-line-inventory"
"packages/backend/src/app/routes/capture.routes.ts","implementation","4415","61","16e7ce46fa4386e9a05780fe14e7d1a2e81a4f3694592d4ea57ff497242c445e","complete-byte-read-and-line-inventory"
"packages/backend/src/app/routes/conversation-response.ts","implementation","8366","250","c56d8c10eb541ec0290a34093de703a2b519834d880fc1abbf291b92ccc51d76","complete-byte-read-and-line-inventory"
"packages/backend/src/app/routes/conversation.routes.ts","implementation","4883","129","98bde87686ec20f00a86504df4939f05ddc9efea065d1595d4bfbbc1d0df6b30","complete-byte-read-and-line-inventory"
"packages/backend/src/app/routes/core.routes.ts","implementation","4883","99","87fdacf880205ba4f414d9d7c39a55ee786d880677a3ab6b1146300a41b165b0","complete-byte-read-and-line-inventory"
"packages/backend/src/app/routes/daily-review.routes.ts","implementation","1332","33","68cb2eda1b80c30a6bb6d93e7a1683958b5d34dd60dd2d63db5e9db9746f9169","complete-byte-read-and-line-inventory"
"packages/backend/src/app/routes/edit.routes.ts","implementation","3753","121","e6a2be519bb0ce7b740601232b364f1dc90113297ac98be56fc645ab40842bc2","complete-byte-read-and-line-inventory"
"packages/backend/src/app/routes/feedback.routes.ts","implementation","10839","330","8260fa46f53acc73102a2e5770dca8613ae7a7ee8d0509250c14e227466c9ccd","complete-byte-read-and-line-inventory"
"packages/backend/src/app/routes/health.routes.ts","implementation","3727","97","7b470a74b5c2755125a6bb3f29923cfd221c13437c9d64a1294a9b69b12b321e","complete-byte-read-and-line-inventory"
"packages/backend/src/app/routes/media.routes.ts","implementation","11820","278","d74b2baf3a52ce6a97b43597273fde0c7de8e5c620eb5fea10501acf2f59cb09","complete-byte-read-and-line-inventory"
"packages/backend/src/app/routes/payments.routes.ts","implementation","3215","80","06f9367ece2133f22ee797734baf1944d49e1e5f4f21d8f3622608546819d6e0","complete-byte-read-and-line-inventory"
"packages/backend/src/app/routes/pending-action-response.ts","implementation","3032","93","756db9ad6d903223f3cfee64639024bae07ac95af3e87a2df9f2f68f1172d2f9","complete-byte-read-and-line-inventory"
"packages/backend/src/app/routes/pending-action.routes.ts","implementation","2903","76","61e2a828c568271e415b01983c96afc69d1b8b4f67417cb79f25fbd6f9c637d7","complete-byte-read-and-line-inventory"
"packages/backend/src/app/routes/privacy.routes.ts","implementation","23497","509","826dd0832927e3a344b88ddee6b11261e5955b358e639258c5bf5dfe085c500a","complete-byte-read-and-line-inventory"
"packages/backend/src/app/routes/provider-config.routes.ts","implementation","5012","129","7cd77d04ecb0566b978b2f9f6379b5e046ec9ca1cd31ecf192b04501df74658e","complete-byte-read-and-line-inventory"
"packages/backend/src/app/routes/requirements.routes.ts","implementation","3729","87","49e7dec681981944e8a6f4feb3b70315b863b0ab80abf804634be8e7908b225b","complete-byte-read-and-line-inventory"
"packages/backend/src/app/routes/schedules.routes.ts","implementation","4519","103","79e1ccbccd5c19075e2ebfd86fb37ca5e9d7ad0c48151a51b2f946a1c33707cf","complete-byte-read-and-line-inventory"
"packages/backend/src/app/routes/student-records.routes.ts","implementation","19053","544","508038ebeb4b5e06f0b44ad559ee9ae4fe40155b8045e8399a558839d58cd81d","complete-byte-read-and-line-inventory"
"packages/backend/src/app/routes/students.routes.ts","implementation","1925","55","d54cf8f4619b80bb306a3aa75e8130cc5441958ad25030cf3f3f9e19af2b3064","complete-byte-read-and-line-inventory"
"packages/backend/src/app/routes/tool-presentation.ts","implementation","1853","35","eb3224adf094142ac563a7b9c6e674919f9d04ca245e59620c07bb3e0aff08a1","complete-byte-read-and-line-inventory"
"packages/backend/src/app/routes/usage.routes.ts","implementation","1893","47","d73407d69bf855b2ce250a93d034277f85d9ba27ab7cd69483e9efd3f3e723dc","complete-byte-read-and-line-inventory"
"packages/backend/src/app/tool-registration.ts","implementation","5252","101","ae436d40297d24733dedd5195533899c3370d8130fd25ba144c9c785cd4c3e56","complete-byte-read-and-line-inventory"
"packages/backend/src/app/tools/register-edit-tools.ts","implementation","5011","162","e889e274a56e97eb5d4ae92868313c155454c5361610ba63f0508b850c47c716","complete-byte-read-and-line-inventory"
"packages/backend/src/app/tools/register-feedback-tools.ts","implementation","7990","181","448169096b12f9916fe8d6bd12c72ce227415829f745d2d1158d032854851f40","complete-byte-read-and-line-inventory"
"packages/backend/src/app/tools/register-memo-tools.ts","implementation","5295","149","a27384c1f4d7be61ac4203fbe68612c16444a3a7ddc0cbb034a843ffac33d207","complete-byte-read-and-line-inventory"
"packages/backend/src/app/tools/register-p0-read-tools.ts","implementation","6297","163","7a59e1f1a03fe411f5ced1935cb604e14968464f36ef7c6c0320b3ee381f8894","complete-byte-read-and-line-inventory"
"packages/backend/src/app/tools/register-p0-state-tools.ts","implementation","2452","83","da4f7ca90e51710d1699cbd87d982feced0fc86f3646919601769937a2909a1c","complete-byte-read-and-line-inventory"
"packages/backend/src/app/tools/register-p0-write-tools.ts","implementation","5428","132","84b5f65c2739bc2a51fd3a248cb4a09c7bef4ea64a6ea4fc394af79503861ad1","complete-byte-read-and-line-inventory"
"packages/backend/src/app/tools/register-requirement-tools.ts","implementation","6786","135","3800a11a6b0c8fdd133b0a44a40e5b40b79eb88111a907fe5bed37aad21e041d","complete-byte-read-and-line-inventory"
"packages/backend/src/app/tools/register-student-records-tools.ts","implementation","14273","325","bd080fe32dc8c76ea238adf4ad04a421daa40f17caefb286d65397f27f42f76b","complete-byte-read-and-line-inventory"
"packages/backend/src/app/tools/tool-arg-parsers.ts","implementation","598","18","818044e751aec31cbab646f78c6c9c8e4897331f83a8fafca80db1d896128c50","complete-byte-read-and-line-inventory"
"packages/backend/src/app/use-cases/agent-converse/agent-converse-use-case.ts","implementation","13278","352","e2306b0e60d5faabed0e6013a5771c2385d6f19d80f637cc922a5a4cf91faf7a","complete-byte-read-and-line-inventory"
"packages/backend/src/app/use-cases/agent-converse/index.ts","implementation","208","8","8bf6a98a9f661942f510fe5c3b7dc0c3d8121bd00a39401306c46473e39dd7d6","complete-byte-read-and-line-inventory"
"packages/backend/src/app/use-cases/agent-converse/types.ts","implementation","1932","46","964bbffc164011d8e4881c28b6baae74ae12f2db98fe90550ea657a395fd8e5a","complete-byte-read-and-line-inventory"
"packages/backend/src/app/use-cases/assemble-parent-feedback-context/assemble-parent-feedback-context-use-case.ts","implementation","8072","219","a9d64f2e5e9ee01b80a3008ede89f534fcdf4b38dec033b4433bb07b4a360afe","complete-byte-read-and-line-inventory"
"packages/backend/src/app/use-cases/assemble-parent-feedback-context/index.ts","implementation","92","3","b4a1613db2d14dd1932f89126162a20d8fdedc141b2e5d3ec594499bfbfd41fc","complete-byte-read-and-line-inventory"
"packages/backend/src/app/use-cases/assemble-parent-feedback-context/types.ts","implementation","1468","47","725e357799f16dac61df65bf1cdd14e986cf284007bdac3ee943f8d3a7c0a8d4","complete-byte-read-and-line-inventory"
"packages/backend/src/app/use-cases/auto-archive/auto-archive-use-case.ts","implementation","2582","76","6f75c90b9a0a8f70edd5f9dc8298e067d2b1f5c680d52342dfd06375f6b322a1","complete-byte-read-and-line-inventory"
"packages/backend/src/app/use-cases/auto-archive/index.ts","implementation","245","10","32493bec5589f931a5b7680eae858fc516aa5ae0192918f0dd0fb7cdeed861c3","complete-byte-read-and-line-inventory"
"packages/backend/src/app/use-cases/auto-archive/types.ts","implementation","921","33","c87282bbb6bcb8a772470d98f71f3826cb6a5a9abdb41860e57159ad42b7f354","complete-byte-read-and-line-inventory"
"packages/backend/src/app/use-cases/balance-calc/balance-calc-use-case.ts","implementation","1729","45","cffc21abef7418409138ae7df82ce9c06acf74bba679077ebdbe374b5ec2be51","complete-byte-read-and-line-inventory"
"packages/backend/src/app/use-cases/balance-calc/index.ts","implementation","178","3","55bae3ef973dc2f60cd86bc1b5958bbc449f48ff220618112c1456573a97d3a7","complete-byte-read-and-line-inventory"
"packages/backend/src/app/use-cases/balance-calc/types.ts","implementation","573","22","7523c93af1e6ff2ac65bd507df4006aa6b145ad258c3dff6fa369409118d4a9d","complete-byte-read-and-line-inventory"
"packages/backend/src/app/use-cases/cancel-pending-action/cancel-pending-action-use-case.ts","implementation","832","23","c1bd8a2e9f74ef64f4d279bb2f7738dd18ecb949d45dcc4ecb29acc593a0523b","complete-byte-read-and-line-inventory"
"packages/backend/src/app/use-cases/cancel-pending-action/index.ts","implementation","196","6","9cca81ed676c89135768de11b1923a94829272579ee9466c43f60001c4c16afe","complete-byte-read-and-line-inventory"
"packages/backend/src/app/use-cases/cancel-pending-action/types.ts","implementation","467","15","14688d71fd5e983919d7a1796770f87f5a4dc3901d822c5b7742f42dd4977867","complete-byte-read-and-line-inventory"
"packages/backend/src/app/use-cases/capture-communication-from-text/capture-communication-from-text-use-case.ts","implementation","6855","177","8288a63e8235a45ecea2fe272a77db433fb6b92a603da522aa024d6bdeb7e461","complete-byte-read-and-line-inventory"
"packages/backend/src/app/use-cases/capture-communication-from-text/index.ts","implementation","374","12","f65bc1a34cd8b48c6a5c0a2c0a638552a85e990a2bcbee0a2f5bb911599c8e30","complete-byte-read-and-line-inventory"
"packages/backend/src/app/use-cases/capture-communication-from-text/types.ts","implementation","1758","52","727a8dd9be5445e489143fa995b4e76cd6fa53efcae9dc0fcfc0c8d2f9de0365","complete-byte-read-and-line-inventory"
"packages/backend/src/app/use-cases/capture-score-from-text/capture-score-from-text-use-case.ts","implementation","5583","156","3c9c11892020e7fa60a1e2b234ebc2fc873248bbcbda3f29b92338f949cb58c8","complete-byte-read-and-line-inventory"
"packages/backend/src/app/use-cases/capture-score-from-text/index.ts","implementation","300","9","6693289dff9830976c45cfba3e7290af606e614d0a1a6df58d4ed0c2f71dc01c","complete-byte-read-and-line-inventory"
"packages/backend/src/app/use-cases/capture-score-from-text/types.ts","implementation","1455","44","8b11f069cd8b582ee469672783be0700b0bb259ff2b89c1150c1c7ba112c75d4","complete-byte-read-and-line-inventory"
"packages/backend/src/app/use-cases/confirm-pending-action/confirm-pending-action-use-case.ts","implementation","2544","64","2cfe598fd7c52758922d6f27b07a3c6f8081c8f76284dc7b8b3c74937d8523d3","complete-byte-read-and-line-inventory"
"packages/backend/src/app/use-cases/confirm-pending-action/index.ts","implementation","200","6","950ee9fbb4886485f26a3d900dbb1e7a9b13407e81ab2c1fd77ce64caf42214f","complete-byte-read-and-line-inventory"
"packages/backend/src/app/use-cases/confirm-pending-action/types.ts","implementation","598","17","4069c136bdf82e7f8154a009903cce87716638cf3a06b7e64aba695c97e1bffa","complete-byte-read-and-line-inventory"
"packages/backend/src/app/use-cases/create-planned-schedule/create-planned-schedule-use-case.ts","implementation","4728","92","1487780ca23d156441baa46ce095ffbb103f5359797218c33e21f5481a0c63a4","complete-byte-read-and-line-inventory"
"packages/backend/src/app/use-cases/create-planned-schedule/index.ts","implementation","220","7","047f0a172d5c66c34f4d36af07d4bca5c93a203c16784dca731cce4e8f4039a8","complete-byte-read-and-line-inventory"
"packages/backend/src/app/use-cases/create-planned-schedule/types.ts","implementation","926","30","82f1b9968a2eb1ebf428dc28bcb01105cdeaebbd45cc64fa0f52b6498383e4e7","complete-byte-read-and-line-inventory"
"packages/backend/src/app/use-cases/daily-review-assemble/business-date.ts","implementation","2980","85","68819c5145ab35d85fce85e30b9f28a38aebe32fefd1ce856c3ae0f9f84d7ef5","complete-byte-read-and-line-inventory"
"packages/backend/src/app/use-cases/daily-review-assemble/daily-review-assemble-use-case.ts","implementation","7638","201","5a949a6682540d216a5c039bd068c20036e2322dbc0104a16fa6fd583040ef2c","complete-byte-read-and-line-inventory"
"packages/backend/src/app/use-cases/daily-review-assemble/index.ts","implementation","81","3","9ea1fcb2da091b70161f5f5af860c57eae7ecb56c1c32e73a67c322567458470","complete-byte-read-and-line-inventory"
"packages/backend/src/app/use-cases/daily-review-assemble/types.ts","implementation","1650","39","51c1ef15267dc02b71deed125c3425e37c8a1eecb709522bd8b896b078c40ca7","complete-byte-read-and-line-inventory"
"packages/backend/src/app/use-cases/daily-review-interact/daily-review-interact-use-case.ts","implementation","9952","281","c3c4c8a954733867de36cecc096be723b678eefc6f6d583b10cffc794b7a9130","complete-byte-read-and-line-inventory"
"packages/backend/src/app/use-cases/daily-review-interact/index.ts","implementation","283","9","1521eee0c8c1b431123aca8ad5a130e371e2117b17b2fea527127ebd863a4b24","complete-byte-read-and-line-inventory"
"packages/backend/src/app/use-cases/daily-review-interact/types.ts","implementation","1612","39","72ae242dc8757e00dca7425c12f6b17f7f3378b8029b7584ada558b4e364e9eb","complete-byte-read-and-line-inventory"
"packages/backend/src/app/use-cases/evening-review/evening-review-use-case.ts","implementation","5628","153","c8a26c4580c569834350ca8d2d43bd1999d9bb2e34fd15853dc812c315cafcff","complete-byte-read-and-line-inventory"
"packages/backend/src/app/use-cases/evening-review/index.ts","implementation","244","9","4a985974ebed40451c1740ac1c4f4f27a03dccdc44cb96121c09133fe6a4488a","complete-byte-read-and-line-inventory"
"packages/backend/src/app/use-cases/evening-review/types.ts","implementation","783","26","345afc18030b84028187fea8097c6a0d72bbf99d8a5d98958ced937e53b59fbc","complete-byte-read-and-line-inventory"
"packages/backend/src/app/use-cases/generate-feedback-draft/generate-feedback-draft-use-case.ts","implementation","14078","357","75f0f6dc3034bedb7f8952c4ec87b3f3396a9a643f71e3063c2a50edb3788585","complete-byte-read-and-line-inventory"
"packages/backend/src/app/use-cases/generate-feedback-draft/index.ts","implementation","83","3","b2ee38f2ad0cee38c5902b9426c4c1285b2589ea48b1b5778e8508253f7623da","complete-byte-read-and-line-inventory"
"packages/backend/src/app/use-cases/generate-feedback-draft/types.ts","implementation","1634","51","16b13fd231a96e2b05c6422fa4cc1455bc3c333fe7375e0d8b7309e38db27240","complete-byte-read-and-line-inventory"
"packages/backend/src/app/use-cases/lesson-reminder/index.ts","implementation","209","8","b4ee9322dca35afdc86f34a6fb822091b5a03a15e99e385814e34a7efd41c7b6","complete-byte-read-and-line-inventory"
"packages/backend/src/app/use-cases/lesson-reminder/lesson-reminder-use-case.ts","implementation","1395","39","457c27a3e1680a221b7726761021958341a25b234cfe163c8ebf6f15bfc0587a","complete-byte-read-and-line-inventory"
"packages/backend/src/app/use-cases/lesson-reminder/types.ts","implementation","642","22","053f83cd2696be3425226b489b734b41ea81f20e102c7648819866c899c119dd","complete-byte-read-and-line-inventory"
"packages/backend/src/app/use-cases/lesson-status-fix/index.ts","implementation","233","9","b0512171149e5ddae40f2e9dbba7393a9b571adb70ed256236b5d3205f1a5aa7","complete-byte-read-and-line-inventory"
"packages/backend/src/app/use-cases/lesson-status-fix/lesson-status-fix-use-case.ts","implementation","4540","110","a0fa1d2ec6f89748e1d4742e892e2b6a2723ae0c6fb7ec9a70fe6a2d47cfbba2","complete-byte-read-and-line-inventory"
"packages/backend/src/app/use-cases/lesson-status-fix/types.ts","implementation","746","27","c88ae8db9f427d4dbae07c718ee8bf5116359385ce856c2e3aae9710abd7e82b","complete-byte-read-and-line-inventory"
"packages/backend/src/app/use-cases/morning-brief/index.ts","implementation","237","9","ec88353ad59bd64514e0a76661cbe8adccec26c4b0871e74c18410d5c3152ad7","complete-byte-read-and-line-inventory"
"packages/backend/src/app/use-cases/morning-brief/morning-brief-use-case.ts","implementation","4052","118","89b51ea568946b4015f4090915355c0f25c173ba6f6de081c7c89bcef073117e","complete-byte-read-and-line-inventory"
"packages/backend/src/app/use-cases/morning-brief/types.ts","implementation","890","29","7f35c50fa8dde2fe1fcf13fa3363f08f708f807ed075c9e36cc1afc137c59f87","complete-byte-read-and-line-inventory"
"packages/backend/src/app/use-cases/reschedule-lesson/index.ts","implementation","2818","84","b2b45610ac109d3bf2e7acb20c427d0c3099e082678937876be5d461d4785e87","complete-byte-read-and-line-inventory"
"packages/backend/src/app/use-cases/reschedule-lesson/reschedule-lesson-use-case.ts","implementation","7346","206","648823692cf1ce3a24eecfe3cab756ee65fa4038d2e0ce65759ba2f99981b8ff","complete-byte-read-and-line-inventory"
"packages/backend/src/app/use-cases/reschedule-lesson/types.ts","implementation","1610","66","208837538ab881c1bbd1f790c7a5a22bf9fa748430cc09c8c43fcdf68e36f32f","complete-byte-read-and-line-inventory"
"packages/backend/src/app/use-cases/save-raw-input/index.ts","implementation","199","8","f7823ca609a80411cacbdf0835505537b02895d78f86be29394e2153867fc66a","complete-byte-read-and-line-inventory"
"packages/backend/src/app/use-cases/save-raw-input/save-raw-input-use-case.ts","implementation","1083","34","2394398b03b0ef96eb5491dc72a7fc7cf4624f610fe376c92a1427c787f67074","complete-byte-read-and-line-inventory"
"packages/backend/src/app/use-cases/save-raw-input/types.ts","implementation","596","20","b1008a98eee56331749b03054103a7de01e9acf4ae1f6f0609e84719464f5407","complete-byte-read-and-line-inventory"
"packages/backend/src/app/use-cases/schedule-complete/index.ts","implementation","3631","96","229e89b6a9135271ed7211eb36fe3113edfbb288dcc77a3439a7083fd465d69e","complete-byte-read-and-line-inventory"
"packages/backend/src/app/use-cases/schedule-complete/schedule-complete-use-case.ts","implementation","5454","137","613f612bd5e76a3b4894031d3dbc5421d56165fbd6d03af9216560c364098544","complete-byte-read-and-line-inventory"
"packages/backend/src/app/use-cases/schedule-complete/types.ts","implementation","1801","44","1980eb75093e2cc8f547b38244b924f69b98fd469d9b8610e2a458e4d0c3da84","complete-byte-read-and-line-inventory"
"packages/backend/src/app/use-cases/student-list-sorted/index.ts","implementation","247","9","5f812bf5ee0ad9e844d0b5f2ab4abf353be7718f7a1c1dbdeca5efed7ab131a0","complete-byte-read-and-line-inventory"
"packages/backend/src/app/use-cases/student-list-sorted/student-list-sorted-use-case.ts","implementation","2012","58","d815e990e49a2635c310251e7fcc295b3d4cc6898c0afe399952899c3675f6ff","complete-byte-read-and-line-inventory"
"packages/backend/src/app/use-cases/student-list-sorted/types.ts","implementation","663","23","4059d182f3d39ea83fa9fbff42e66949e48e48c33362a389f8aa0771a9f05738","complete-byte-read-and-line-inventory"
"packages/backend/src/app/use-cases/student-profile/index.ts","implementation","224","9","5d360fd8c97210aa98be1fbffba5984746d36ebbb92f6d62978603e7257cfd0a","complete-byte-read-and-line-inventory"
"packages/backend/src/app/use-cases/student-profile/student-profile-use-case.ts","implementation","2987","73","4b933ec62f70036c7313ab7132ae98620f4b1aba7d7843f176f82264e7f1d3c2","complete-byte-read-and-line-inventory"
"packages/backend/src/app/use-cases/student-profile/types.ts","implementation","964","32","e9516a80d5fc5865b282d8437a7fcfe110b8394f693437a1c1d06bf83a744aab","complete-byte-read-and-line-inventory"
"packages/backend/src/app/use-cases/update-lesson-record/index.ts","implementation","2896","82","2799ae79a182667819cbad06866bb6bba89ae5a61cc78c56d624884d0aaa7ef4","complete-byte-read-and-line-inventory"
"packages/backend/src/app/use-cases/update-lesson-record/types.ts","implementation","1112","43","829a37627f5903556937bce541c0bb2c466cf9a42fcbeacf951e0cb03b115f83","complete-byte-read-and-line-inventory"
"packages/backend/src/app/use-cases/update-lesson-record/update-lesson-record-use-case.ts","implementation","6130","193","151ac6bc1b8cb36f036c7f8a72cfb30797198ad1353c11c43d8216ceaf7531fe","complete-byte-read-and-line-inventory"
"packages/backend/src/app/use-cases/update-memo/index.ts","implementation","2703","83","f1f9cae2c969de49b7e4f2d78222211219bce89232c6c15843320d8d2de8cbda","complete-byte-read-and-line-inventory"
"packages/backend/src/app/use-cases/update-memo/types.ts","implementation","1123","48","b23bc7ae4dc9495f68500e3720e76e98764bc6a2632eef7db012c5e9f8aa2a12","complete-byte-read-and-line-inventory"
"packages/backend/src/app/use-cases/update-memo/update-memo-use-case.ts","implementation","8241","269","ab1258fca2cf4bbb7a66237e3c779a36fe3d184c1588ba987864cb2f89b26fd7","complete-byte-read-and-line-inventory"
"packages/backend/src/app/use-cases/update-parent-feedback-content/index.ts","implementation","3128","85","8e03ba36f608f1231e6ac6effbc02bcbb0557fefab2b38cd0ba3728f68026e80","complete-byte-read-and-line-inventory"
"packages/backend/src/app/use-cases/update-parent-feedback-content/types.ts","implementation","1327","47","7b48dd59d0a133670fe4ae76603706912b2ecf8fac5bcced0aea6104f9db782d","complete-byte-read-and-line-inventory"
"packages/backend/src/app/use-cases/update-parent-feedback-content/update-parent-feedback-content-use-case.ts","implementation","6150","165","4369ac6552bb2c726aa5c3639c519c96b44de8d57ad2210f5341f73b0604cbcc","complete-byte-read-and-line-inventory"
"packages/backend/src/app/use-cases/update-payment/index.ts","implementation","2790","83","eb6a22dfe0a18eedf5dc3b5b523230a5a90ddcc402583c474f65e7352e274d7c","complete-byte-read-and-line-inventory"
"packages/backend/src/app/use-cases/update-payment/types.ts","implementation","1155","47","c7c168038ae8395b0181fe1503a71d2137502889da94638a5c1ed5d1db29c075","complete-byte-read-and-line-inventory"
"packages/backend/src/app/use-cases/update-payment/update-payment-use-case.ts","implementation","6578","206","5a6374aad5668a24efe5450e3ac98654bee3139d0e03b7ba238f92de05ca5e63","complete-byte-read-and-line-inventory"
"packages/backend/src/app/use-cases/update-student-profile/index.ts","implementation","2724","78","e7beb24d6e6d020e0659e45b22b5fc79ff2dd84185216e8933bd06eee84bdbb6","complete-byte-read-and-line-inventory"
"packages/backend/src/app/use-cases/update-student-profile/types.ts","implementation","1145","43","a47ac4eb841013237dd73646744b01934b324627400d280b9dd8e410140b0883","complete-byte-read-and-line-inventory"
"packages/backend/src/app/use-cases/update-student-profile/update-student-profile-use-case.ts","implementation","6651","205","1077b41703a8b5fdf9e84a1db5c1d828e12b89dfb577320d99322b47b909c7ab","complete-byte-read-and-line-inventory"
"packages/backend/src/features/admin/admin-actions.ts","implementation","8692","205","35034922064ddf1c212eb97b9b6ea9fbd3c0a5e4f916b3c5fe3339e60b298dc9","complete-byte-read-and-line-inventory"
"packages/backend/src/features/admin/admin-auth-service.ts","implementation","5979","143","c1107c307a37553b1a845715c98536b43ad090544243cec055e2ab88c69516d4","complete-byte-read-and-line-inventory"
"packages/backend/src/features/admin/admin-health.ts","implementation","8938","240","1c4276ca517b6c1b745eda37a8d91e41a2142d38372447bf437b7c18877654eb","complete-byte-read-and-line-inventory"
"packages/backend/src/features/admin/admin-identity.routes.ts","implementation","5457","137","f73bc5ff5921f8de47a93d93c2a66982a2bdc51aff40a59fd83ab2c7092a4dc7","complete-byte-read-and-line-inventory"
"packages/backend/src/features/admin/admin-jobs.ts","implementation","1025","24","3b0d7b1dcb97971eac5e997c9a568a9689751e5449bdf80d770ceae344e643fa","complete-byte-read-and-line-inventory"
"packages/backend/src/features/admin/admin-usage-summary.ts","implementation","4661","116","65c263170d56cb72d1ded9a57a1835d0511f0bb05f86e998da17f0526f267594","complete-byte-read-and-line-inventory"
"packages/backend/src/features/admin/admin.routes.ts","implementation","23081","497","7099f86a8e3b39a18bb3d6a171f8c1e24aad6ae24be4bd4903af61b5e130d0fb","complete-byte-read-and-line-inventory"
"packages/backend/src/features/admin/audit.ts","implementation","2982","79","735f4749200c803543a64aba07e7e690fa0557c29bde95b9b48b93e071641168","complete-byte-read-and-line-inventory"
"packages/backend/src/features/admin/feedback-board.ts","implementation","11927","299","2478533b55ca02000dbb72641565bfef5d41d9189635d455f2cae1982faa7ae4","complete-byte-read-and-line-inventory"
"packages/backend/src/features/admin/feedback-summary.ts","implementation","3844","96","761d656760f86e0f1374f48ef076a9952ea6c2f651fec47b2b4ad5ea429b49fe","complete-byte-read-and-line-inventory"
"packages/backend/src/features/admin/index.ts","implementation","2300","94","38977c4e3ddb76d6cb0ec66148b8be51c049e7d77855651741d05cc1d1fb9885","complete-byte-read-and-line-inventory"
"packages/backend/src/features/admin/interactions.ts","implementation","7015","187","9567abf7134a40b3ff1525cf5a46804d834694eb5a2e527cf3a8d6eb745dee27","complete-byte-read-and-line-inventory"
"packages/backend/src/features/admin/teacher-overview.ts","implementation","9707","283","d24fa4c266d3105407583db53769f5fc8dd1c92cb6fe5851000fe0b52e1b143b","complete-byte-read-and-line-inventory"
"packages/backend/src/features/agent-execution/agent-execution-service.ts","implementation","12004","278","6ba3932a571eb6e812b6c556632e613c3b90d6be6f1e483dd5fae2aaf27f603a","complete-byte-read-and-line-inventory"
"packages/backend/src/features/agent-execution/index.ts","implementation","344","13","750e97a864d49c36efe85a47578123a0ada0f7a5dd56b9e884fea5317d89ab90","complete-byte-read-and-line-inventory"
"packages/backend/src/features/agent-execution/types.ts","implementation","2685","78","cc8aac2f5c61366bae15abdc9afd3c2d19908d76e0283b032acea9cc3fd3655e","complete-byte-read-and-line-inventory"
"packages/backend/src/features/ai-notes/ai-note-service.ts","implementation","6064","160","4e16ae8923a96a17907078494e83b2f287d1e1edae8addfb25b5c789dde1bc5f","complete-byte-read-and-line-inventory"
"packages/backend/src/features/ai-notes/index.ts","implementation","243","13","d9fe04a44629ae33134c9909e2043ebfbc48f8223aa97a3e3b2574594f617fcc","complete-byte-read-and-line-inventory"
"packages/backend/src/features/ai-notes/types.ts","implementation","2122","66","e51ab27fd5ab29a5f6de50b23a0ebec4d618d5f2ce1876ed6725eeb637907e24","complete-byte-read-and-line-inventory"
"packages/backend/src/features/assessments/assessment-service.ts","implementation","14657","434","ae0a1c41e15f94460f8d6485b8a656b2aedf42138a6470b18ab5f02febe4b6ff","complete-byte-read-and-line-inventory"
"packages/backend/src/features/assessments/index.ts","implementation","187","8","18b3c48409ec7b2b2b3ebd1c9562ba25b9412427e6eccb81ee37cf1a05cc3e61","complete-byte-read-and-line-inventory"
"packages/backend/src/features/assessments/types.ts","implementation","2694","98","e7ca3f3e5d5611d0c575387940e027c2497b4002134483142787d70f8fd6e19a","complete-byte-read-and-line-inventory"
"packages/backend/src/features/auth/index.ts","implementation","12156","295","1e29eafdec37e889bbe91a3f75383258312eae2f635bf882c1de038dd5318e0f","complete-byte-read-and-line-inventory"
"packages/backend/src/features/capture/capture-service.ts","implementation","20258","336","d66eb7755a2b484ea061e8ee3383be77d65639c3886343cc16119862d91d977a","complete-byte-read-and-line-inventory"
"packages/backend/src/features/capture/index.ts","implementation","202","3","157092da2f3ccf8c82529177572f6ee8222296941c65548f685df035c2f0b6e3","complete-byte-read-and-line-inventory"
"packages/backend/src/features/capture/types.ts","implementation","2273","39","5fb9bdf04fd88824c24c61d7d8b02ed04ac62982cd0a03c319d10bcd6db2702d","complete-byte-read-and-line-inventory"
"packages/backend/src/features/conversation/conversation-query-service.ts","implementation","8515","231","a5fbb51a485dfc43bcdc63c9840e8492cc5b48d8eb89ee92ccf8f665dda059f9","complete-byte-read-and-line-inventory"
"packages/backend/src/features/conversation/conversation-service.ts","implementation","11437","346","ab18f11eec4677c8679b940479d5518a55e1ea148c8b141a61860ffe1feacb66","complete-byte-read-and-line-inventory"
"packages/backend/src/features/conversation/index.ts","implementation","603","23","bb94ee672376f0e085af8e649a4e6a970b1c61ccf745c7250969d8f6d44f51bd","complete-byte-read-and-line-inventory"
"packages/backend/src/features/conversation/types.ts","implementation","3901","129","efed3295916ed1cc57fe85c911adb2fa7acb8b1f6b2a4592172f338ba041d412","complete-byte-read-and-line-inventory"
"packages/backend/src/features/daily-review/daily-review-service.ts","implementation","8245","225","aed02c05b8736222de922176f492f6233c77b4a641a8941d9cf11ee28eac36af","complete-byte-read-and-line-inventory"
"packages/backend/src/features/daily-review/index.ts","implementation","325","14","4815ba7c96bd2309f9e2bb3effaf820194d6bc5df1c7fed02862bcb44f382750","complete-byte-read-and-line-inventory"
"packages/backend/src/features/daily-review/types.ts","implementation","2139","77","0fb8246f3c73c2e5ad36a6cf687c02c24198f6ab02ea6beeaded70e271e11402","complete-byte-read-and-line-inventory"
"packages/backend/src/features/feedback/feedback-evidence-validation.ts","implementation","3843","68","58b259152fef55800526c3be99b8032a3edf6deb919e6142128f156fec68d636","complete-byte-read-and-line-inventory"
"packages/backend/src/features/feedback/feedback-moderation.ts","implementation","1439","43","54887fdcce8f53618d7416e4adf4cf02bd6c3a9390db152609ee084d9f1628e4","complete-byte-read-and-line-inventory"
"packages/backend/src/features/feedback/feedback-record.ts","implementation","1656","50","31dfc6c605b12c625b50bde7bd3633c819dc450eee81b489c4129dccac833ef4","complete-byte-read-and-line-inventory"
"packages/backend/src/features/feedback/feedback-service.ts","implementation","20436","510","733496a55a9901ff08366808bcf56df31a2bb6037fe3d28bfc0ad69905496d9f","complete-byte-read-and-line-inventory"
"packages/backend/src/features/feedback/index.ts","implementation","579","20","8fc452803626a8235f0cccc368e8d81df3502520449ebba9ecd794b699e5f3a7","complete-byte-read-and-line-inventory"
"packages/backend/src/features/feedback/parent-feedback-content-editor.ts","implementation","6140","154","169b0a53168f8f763d1b7d84a5ef0a4f37b1acc068c7a12abc7e467d300bb93a","complete-byte-read-and-line-inventory"
"packages/backend/src/features/feedback/rfc3339-instant.ts","implementation","1525","37","882da560d5d981dada51308ff162d8f410c236c9083fc7b007405c09fa1b18cc","complete-byte-read-and-line-inventory"
"packages/backend/src/features/feedback/types.ts","implementation","4510","138","f49a914ccfb9b7d4bd714d70c42792a7194feeee7aa1c0fe1eafd76c48dce55e","complete-byte-read-and-line-inventory"
"packages/backend/src/features/lessons/index.ts","implementation","587","19","48460c5e4343c912c2bb12058fc94423922ab932202c8f72e1c9f6dfc12c71c8","complete-byte-read-and-line-inventory"
"packages/backend/src/features/lessons/lesson-record-editor.ts","implementation","7096","197","0b0e5c0ad3289b819988af605dd3b4bdce06b00182b7128578407b204c86f2f5","complete-byte-read-and-line-inventory"
"packages/backend/src/features/lessons/lesson-service.ts","implementation","10864","269","7dfd4eab092cc750dd4d7c5487429fc0da90e686a200f408ca95377a329d7d0b","complete-byte-read-and-line-inventory"
"packages/backend/src/features/lessons/state-machine.ts","implementation","1221","39","03ce7c898c7530f836c1cd2b67df9fe4e51919976d0ea7a1c5633cbaaa9cfcc6","complete-byte-read-and-line-inventory"
"packages/backend/src/features/lessons/types.ts","implementation","2897","106","4a4407aa6a279808351cd4f247bf2f59730841bbc50daf1346b7d461a08d73e5","complete-byte-read-and-line-inventory"
"packages/backend/src/features/media/index.ts","implementation","1136","43","02bd91a0244f9ad5feef1a8e5a93a5c83f966b8982c47a8e1fb890faeb1e9235","complete-byte-read-and-line-inventory"
"packages/backend/src/features/media/media-asset-service.ts","implementation","48925","1135","bffead5fccbdb86fefdad90bb5df9e0b443253b43589de768e1ded3ee2b7df1c","complete-byte-read-and-line-inventory"
"packages/backend/src/features/media/media-file-crypto.ts","implementation","6806","155","0671f481f090499954d562a96b1de3edbd71569b9008debd9fd256275d06e051","complete-byte-read-and-line-inventory"
"packages/backend/src/features/media/media-orphan-reaper.ts","implementation","8031","192","9a436998522060bcffab84995c9c60cb0102bbd6174574533dbb1ecda2784aa3","complete-byte-read-and-line-inventory"
"packages/backend/src/features/media/types.ts","implementation","10333","232","85ac1c46c275c94de954447e8461b52b14af072de4c698a22e13970f23ce3155","complete-byte-read-and-line-inventory"
"packages/backend/src/features/memos/index.ts","implementation","412","20","ec2d90fbd6af1b341e83192405b11685ca68e6b868e71782ae27df56a3c712c6","complete-byte-read-and-line-inventory"
"packages/backend/src/features/memos/memo-editor.ts","implementation","8963","266","a4abf34feebea1e875e6d39fe39f0a0ac4298830198ce3f2774e74ed579b4567","complete-byte-read-and-line-inventory"
"packages/backend/src/features/memos/memo-service.ts","implementation","10117","299","31fd66c33a73eb4d83af452b88d551493aef9ca07841b68ea92f13f4cade33ee","complete-byte-read-and-line-inventory"
"packages/backend/src/features/memos/types.ts","implementation","2961","118","2e7f811f1cd56951144fe802300d79b0f63cf32aa76f4d04af42f071bf6fbac4","complete-byte-read-and-line-inventory"
"packages/backend/src/features/payments/index.ts","implementation","707","26","b92e446bdda60c0561ac8e6b48528dd49fd4624acfbb29e81e5b93b4c85177ce","complete-byte-read-and-line-inventory"
"packages/backend/src/features/payments/lesson-ledger-service.ts","implementation","19627","334","d1134f5104c86f137754305596493d5cf4b799d5d65ae578cf8ae48d951d93ae","complete-byte-read-and-line-inventory"
"packages/backend/src/features/payments/payment-editor.ts","implementation","7381","214","794edf6e2266ac18e7f952e64079993b02d7a61935418a9ffc0fb25182c9142b","complete-byte-read-and-line-inventory"
"packages/backend/src/features/payments/payment-service.ts","implementation","9988","252","a34a2069fc71431772c3c1e2ff96ef2c6a8c8c498369d7ee8764efd6f5aa5c87","complete-byte-read-and-line-inventory"
"packages/backend/src/features/payments/types.ts","implementation","5038","176","1691f97f17ce281cbc98a801402113cbefc511e0f6f7090cebbee000bd41d2c8","complete-byte-read-and-line-inventory"
"packages/backend/src/features/pending-action/action-token-signer.ts","implementation","3218","86","1bfb05313e5b36b171cd586d9b37c4f610d91d678eebf48bef592b1736cd663b","complete-byte-read-and-line-inventory"
"packages/backend/src/features/pending-action/index.ts","implementation","919","28","f34774e384d461ecaef09f911216d54cc945adfbfe4f103b6dbdbc157e1d7ea2","complete-byte-read-and-line-inventory"
"packages/backend/src/features/pending-action/pending-action-execution-store.ts","implementation","4994","126","fa32c27d62e00c000d85c03f1b09609837499a3c9ee30512e4661161e1a18f19","complete-byte-read-and-line-inventory"
"packages/backend/src/features/pending-action/pending-action-mapper.ts","implementation","1610","54","2823b3e5290232d40f3e5e9c1bce823c00e4fec5cdf65127f33fdab1a4f1bf1a","complete-byte-read-and-line-inventory"
"packages/backend/src/features/pending-action/pending-action-service.ts","implementation","11739","276","71ca239f953ccc545c295b63a388f862abb5e038ad7d3d96464b5f6ad00b0e5f","complete-byte-read-and-line-inventory"
"packages/backend/src/features/pending-action/types.ts","implementation","4431","143","75c8c0a5a180da76916add24a460730739e5ffcf266e3f92b19c9f846060539a","complete-byte-read-and-line-inventory"
"packages/backend/src/features/privacy/index.ts","implementation","80","3","470db1c48068edf69e20afc687585fe960b09ca16760025befe65508fa895b8d","complete-byte-read-and-line-inventory"
"packages/backend/src/features/provider-configs/index.ts","implementation","203","8","cf26f8646c40599c5818b48aaccc5c5511c3daa242487a3292a9059d7f62e8ee","complete-byte-read-and-line-inventory"
"packages/backend/src/features/provider-configs/provider-config-service.ts","implementation","10389","260","6192f47222e6bc9ead76712156fd4cab529e89368351d083d4c49e0a950f0e07","complete-byte-read-and-line-inventory"
"packages/backend/src/features/provider-usage/index.ts","implementation","176","8","c263c4e68ac43003b836b00e403ab3c3ad6434858b06b83870e076049c85999c","complete-byte-read-and-line-inventory"
"packages/backend/src/features/provider-usage/provider-usage-service.ts","implementation","4465","137","1d83e1072281144c914846ead5f8ef8a056ce9f230ad68f8327535a51309747d","complete-byte-read-and-line-inventory"
"packages/backend/src/features/push/index.ts","implementation","276","14","ead34c5960d66e1def9f5b31ae606c0d7c69bf27686f0a95ddd6ab8e408f90e5","complete-byte-read-and-line-inventory"
"packages/backend/src/features/push/push-service.ts","implementation","9002","241","8b7fbcba20244d345a76c4b16843790afce3c1885455034e973e3d49499b193e","complete-byte-read-and-line-inventory"
"packages/backend/src/features/push/types.ts","implementation","2704","72","a404636c499007ed8200aa4b39b6ebe890408a6e473b2055ebd466a8a68a54dd","complete-byte-read-and-line-inventory"
"packages/backend/src/features/requirements/index.ts","implementation","502","19","f0c6b172e5dead57cfd21a5007e3b5c9d5c6edab7df2b92855f71b989f66ee11","complete-byte-read-and-line-inventory"
"packages/backend/src/features/requirements/requirement-service.ts","implementation","18931","439","b973f7ee7ca3dc6dd1fe9dcef2e5c17be4af76e561ac3d9064553494211d8399","complete-byte-read-and-line-inventory"
"packages/backend/src/features/scheduling/conflict-detector.ts","implementation","1177","39","c2f939cc56f2cf66e50148c45dfe86575544f0998fa90e5c5142a67485772a41","complete-byte-read-and-line-inventory"
"packages/backend/src/features/scheduling/index.ts","implementation","549","18","bd0a89c0b3a3c7426eaf8dda8b77777c7969749c9d765b26d6796b0d62cd83e4","complete-byte-read-and-line-inventory"
"packages/backend/src/features/scheduling/schedule-data.ts","implementation","2476","52","1c8d754ef2d8640c81b6749d0bed4e7ef2739a482c20632b62db5373816c8281","complete-byte-read-and-line-inventory"
"packages/backend/src/features/scheduling/schedule-rescheduler.ts","implementation","6969","200","b0c9e3848fd9aba1d385f318c9a94ca616358449f200d0484f1bb4b96476a3b7","complete-byte-read-and-line-inventory"
"packages/backend/src/features/scheduling/schedule-service.ts","implementation","19455","466","f3f2c5e6ba3ee61bfc5aca3e2ea79f79da9355166207b455e52628b198375acb","complete-byte-read-and-line-inventory"
"packages/backend/src/features/scheduling/state-machine.ts","implementation","1488","53","d5a0b07f52cb8b1c81e3ae0374d3f20b4272296e59953679853d77cb86108fac","complete-byte-read-and-line-inventory"
"packages/backend/src/features/scheduling/types.ts","implementation","4247","142","62ceecac47b9ffbbec00bc0c2633fcbcdc986d5fb0662c8748b4c25ff268c961","complete-byte-read-and-line-inventory"
"packages/backend/src/features/student-communications/communication-moderation.ts","implementation","2550","73","62cbca08c7296fccf1c873654f53d5797c0f033b9c55b46034b3521fa14a9f1d","complete-byte-read-and-line-inventory"
"packages/backend/src/features/student-communications/communication-persistence.ts","implementation","7288","135","8cec23d3f51395a607ede64033001afa6680341f1c9046b32dfd6866b08a336e","complete-byte-read-and-line-inventory"
"packages/backend/src/features/student-communications/communication-service.ts","implementation","15001","354","5794b958b77ab7739d689e7b6429af51b45fc7d5bcec96e2f51124d73c8cb9bb","complete-byte-read-and-line-inventory"
"packages/backend/src/features/student-communications/index.ts","implementation","462","18","bf7e475b42ade17d755be5b7b2553ced5e82df1a4770540e38f71057f72c648c","complete-byte-read-and-line-inventory"
"packages/backend/src/features/student-communications/types.ts","implementation","3165","101","0214e3410556f211bc23d5914ce40ffd7df0457fbd52dcdd9ad52a8ee170af43","complete-byte-read-and-line-inventory"
"packages/backend/src/features/student-records/index.ts","implementation","774","27","d77d08eb715084851fb50167d9ba3d1b7adac5132ae75a8a3640884129749250","complete-byte-read-and-line-inventory"
"packages/backend/src/features/student-records/state-machine.ts","implementation","1100","38","f09c305ecdc144c50c7608ee06cf9baaf086801aff6f3795ca818466242845ad","complete-byte-read-and-line-inventory"
"packages/backend/src/features/student-records/student-record-service.ts","implementation","18102","474","86a2a478d71c8c811bbebb1616cc58c55a897c1e69ea27328e47edda14d07281","complete-byte-read-and-line-inventory"
"packages/backend/src/features/student-records/student-source-record-service.ts","implementation","8960","235","2c52d1bd0de71de67e2e59f8658fbf39d0d7bee5bab8992a5e881296eff92818","complete-byte-read-and-line-inventory"
"packages/backend/src/features/student-records/types.ts","implementation","5040","178","b859339828d2e10e0734fc193dbedfc54053e78aa63fdf77787c46371e374734","complete-byte-read-and-line-inventory"
"packages/backend/src/features/student-timeline/index.ts","implementation","202","8","21785f128a9cf7557aa5bdf5acc45021e56b598ac122744be4c258f21d2dc501","complete-byte-read-and-line-inventory"
"packages/backend/src/features/student-timeline/student-timeline-query.ts","implementation","8359","261","e11848f719baf24f4245e9a9e6f4d910c93a9f8c979e6935d9f332ca201fe1f2","complete-byte-read-and-line-inventory"
"packages/backend/src/features/student-timeline/types.ts","implementation","1364","50","aa9bef143f0ce37cf32a2e8ab09aa4fec86a96fce162af91de398f37c2663df0","complete-byte-read-and-line-inventory"
"packages/backend/src/features/students/index.ts","implementation","808","27","249efa89be373fc7e0131dd2be8e87f04087f809ba09e0dd29fd98d91ed2a537","complete-byte-read-and-line-inventory"
"packages/backend/src/features/students/state-machine.ts","implementation","1143","41","f5334d28c8f52ee949f9c41fa72bf15b94b5a61fa633628eb82503298d73bf57","complete-byte-read-and-line-inventory"
"packages/backend/src/features/students/student-name-resolver.ts","implementation","2725","63","823c1e239c98e71f470e59f2bf1d44289f657fda77f1f480a80cff987b72c839","complete-byte-read-and-line-inventory"
"packages/backend/src/features/students/student-profile-editor.ts","implementation","6183","180","b4163b271139c9e9cfd118ac4fd3857d10ce13315c015120a97b12088fe01fd9","complete-byte-read-and-line-inventory"
"packages/backend/src/features/students/student-service.ts","implementation","7791","225","a40c710a9b25a390c088826f6135a312c915f751488c2d314bbf7d64c5b1d6b2","complete-byte-read-and-line-inventory"
"packages/backend/src/features/students/types.ts","implementation","2290","85","f61a086c9052ff5557156bb357ddfe6911ae2b9ef47fa2f42b3c0d5be258bb96","complete-byte-read-and-line-inventory"
"packages/backend/src/features/wechat/agent-loop.ts","implementation","5695","142","c3ac0f00ec6ddd79841ad6154f40bea53fdbdbab58cabc2bb69541984c3302cf","complete-byte-read-and-line-inventory"
"packages/backend/src/features/wechat/channel-conversation-service.ts","implementation","4629","125","51678df556b32240efb27bda2508c7d8461a56010314c98c5be3aebea64dbea4","complete-byte-read-and-line-inventory"
"packages/backend/src/features/wechat/channel-identity-service.ts","implementation","5382","150","9f773023deeb8bfa62d9dc53bd01dae866d4e35384c43f8f903a5e9e5b2cd6c8","complete-byte-read-and-line-inventory"
"packages/backend/src/features/wechat/channel-message-service.ts","implementation","7911","220","008b0b253048d839bfc1fd49c5dfa9ed98c1f82b019da43614704e7cd6c07b9b","complete-byte-read-and-line-inventory"
"packages/backend/src/features/wechat/code-exchanger.ts","implementation","638","16","a58dfc1276b6601a62eddcb0b9fe50b050f183f657da3098aee6396c77297e35","complete-byte-read-and-line-inventory"
"packages/backend/src/features/wechat/config.ts","implementation","3934","79","95c336d3698be6b014c5593219e357743e3c3bf783b21d630ab2a6a6bf45cf4e","complete-byte-read-and-line-inventory"
"packages/backend/src/features/wechat/ilink-long-poll-driver.ts","implementation","11987","299","934b9aab258352e8fb7520e957a452737d74c1289329ab114efd103dfa7ad56f","complete-byte-read-and-line-inventory"
"packages/backend/src/features/wechat/ilink-transport.ts","implementation","10659","249","9ccb3b84bfc8e578bd04dcc87c81da87c5d0dff145bcd18c932d90b9731b61ed","complete-byte-read-and-line-inventory"
"packages/backend/src/features/wechat/inbound-message-service.ts","implementation","5378","137","4ac3ad2db8613cfa3a504b75621028d048a350ac201d5de54dd674863833b1a1","complete-byte-read-and-line-inventory"
"packages/backend/src/features/wechat/index.ts","implementation","3428","102","0dae71367e408e416eea197904793b76192b7983545884abb6925a706e099526","complete-byte-read-and-line-inventory"
"packages/backend/src/features/wechat/ip-whitelist.ts","implementation","6971","146","bb108d24a3fa032442cef372e02029db0cdb2f4af299e5ea164e9d2dc1ff567c","complete-byte-read-and-line-inventory"
"packages/backend/src/features/wechat/login-state-store.ts","implementation","3326","107","8652d44d1e2c52f215d1efeeb4764903e8cce9a0517c0e4ea4166dccf4bf0a49","complete-byte-read-and-line-inventory"
"packages/backend/src/features/wechat/message-queue.ts","implementation","2159","69","97e120124ac5b6c35c03e1e1fb945ea62d6f9fe514ef02da7af67fab4ee8e1c4","complete-byte-read-and-line-inventory"
"packages/backend/src/features/wechat/notifier.ts","implementation","10654","229","6964b7823af449d00042c9cbb577bc9b8018841b7187168cb6582f1786170143","complete-byte-read-and-line-inventory"
"packages/backend/src/features/wechat/outbound.ts","implementation","4281","102","5a45317d91a3229fce1d22e8be0109f5f6a8cccdee9bb087ab98e422199a08a1","complete-byte-read-and-line-inventory"
"packages/backend/src/features/wechat/provider-driver.ts","implementation","2574","59","00ffed7188c1a5254b0aaf97feca4ba5f059923ef8009985d8ff7d7a6dad5d73","complete-byte-read-and-line-inventory"
"packages/backend/src/features/wechat/recovery-scanner.ts","implementation","3171","94","839aa3a631491c98445792de36bb96e19d5b7bf511252098e99c1ee7ce7e06a6","complete-byte-read-and-line-inventory"
"packages/backend/src/features/wechat/signature.ts","implementation","2185","53","02407dcdfc2351dc90831e3cb6f0de30dc09458c62ff390c0bef976ebb28d1a8","complete-byte-read-and-line-inventory"
"packages/backend/src/features/wechat/types.ts","implementation","12748","284","ff74eaf95ad959e134393e88017826805c276160d441ca9156959db2fdc7bb28","complete-byte-read-and-line-inventory"
"packages/backend/src/features/wechat/wechat-login.routes.ts","implementation","12398","297","c84cf616cc69a38bb7f99ed7e1cabd3d03dedbffcd9c20bc7680c0effd0c1606","complete-byte-read-and-line-inventory"
"packages/backend/src/features/wechat/wechat-message.routes.ts","implementation","7422","177","894a0baab0d5643546be00d198b55eb68fd2441a6d6005340640fd342495d06f","complete-byte-read-and-line-inventory"
"packages/backend/src/index.ts","implementation","18752","396","93f639af28d7b47a8dfa494eb1cdfbafd0b57e2f2787f5b259d9ea715a8b5f03","complete-byte-read-and-line-inventory"
"packages/backend/src/shared/agent-cost/agent-cost.ts","implementation","6485","181","7f66f02fc15428ac4e548436d392b9da472c76ff6d09bdc773206533d03af4d1","complete-byte-read-and-line-inventory"
"packages/backend/src/shared/agent-cost/index.ts","implementation","240","14","f264821ba92d295b813ff711cda1c3ac57309b590b4809eaeeca31a1a165f4c3","complete-byte-read-and-line-inventory"
"packages/backend/src/shared/ai-client/ai-client.ts","implementation","1602","48","a53a665ff285d2117d9e1d8cce079531aa29114a641c874fe237cc2e6903362a","complete-byte-read-and-line-inventory"
"packages/backend/src/shared/ai-client/ark-provider.ts","implementation","6875","218","301df3b8c28245edfa0222ae4649547ea87c806e13efe9179c1206f0fe347921","complete-byte-read-and-line-inventory"
"packages/backend/src/shared/ai-client/index.ts","implementation","775","32","4316363ba9ff2349ad4fa40f800e73a26485d598d1990f19dba5262b787fcc28","complete-byte-read-and-line-inventory"
"packages/backend/src/shared/ai-client/provider-router.ts","implementation","4957","124","47321572dc7d36ab64bc3d6f05822555ffe0596c6094a2c5a0313580a81803b0","complete-byte-read-and-line-inventory"
"packages/backend/src/shared/ai-client/routing-ai-client.ts","implementation","7810","179","b80797e11bab42c0c1895df93e9ff6d8ba6f8e9105ec93f66397713e69bb26ca","complete-byte-read-and-line-inventory"
"packages/backend/src/shared/ai-client/types.ts","implementation","1227","53","b18491e70827968256109fc57643ddff6fc9572aada03b20f11743fdf6a5fbd3","complete-byte-read-and-line-inventory"
"packages/backend/src/shared/background-jobs/index.ts","implementation","413","17","46aaed80a272a5aed23f199a3dd45fcc19d90aef5184e4308cc967cee8b66c6d","complete-byte-read-and-line-inventory"
"packages/backend/src/shared/background-jobs/job-store.ts","implementation","8908","230","f93a8ce5dced0c5d2827dd7861f6fb40b6c29b7d36be7171da675cdc0122f715","complete-byte-read-and-line-inventory"
"packages/backend/src/shared/changelog/changelog-service.ts","implementation","4857","138","03ea1282909ad0dba38de52ff4bb4a7ce1e2567cbe082b70610b53125dda4720","complete-byte-read-and-line-inventory"
"packages/backend/src/shared/changelog/diff.ts","implementation","2007","65","35907f1cddb8b9726c839474126b0e871f51edb60cc8636a7a51aede7b4c5f7c","complete-byte-read-and-line-inventory"
"packages/backend/src/shared/changelog/fail-closed.ts","implementation","903","27","dea889d513c0d6f74764fc2f8e11b79b606e0293440a32de7009eb61c3c3769e","complete-byte-read-and-line-inventory"
"packages/backend/src/shared/changelog/index.ts","implementation","613","21","b958fddc0c22de0d88e81d6cfa06d596e8960a36abd8285302ae51410682abb2","complete-byte-read-and-line-inventory"
"packages/backend/src/shared/changelog/prisma-extension.ts","implementation","3829","131","a6725b6050eff2fc325a5216c57693719bfaff44dc3f3ea1412d9c47c766a65f","complete-byte-read-and-line-inventory"
"packages/backend/src/shared/changelog/suppression.ts","implementation","604","14","f2d90568060cc0b8e93afe50588b50c63b6cec83c99e011aea312cd4cbf18e39","complete-byte-read-and-line-inventory"
"packages/backend/src/shared/changelog/types.ts","implementation","2141","83","c9cda4081aa433c12a6ba4b2c523eccb34b915f6e3df7729a2d479b4a0a39a1d","complete-byte-read-and-line-inventory"
"packages/backend/src/shared/database-pool/database-client-pool.ts","implementation","5102","155","796c22a574a6902cd60789522cf58e59d70346a433e0661da0c277c26dcc55a8","complete-byte-read-and-line-inventory"
"packages/backend/src/shared/database-pool/env.ts","implementation","1700","39","054ec349d1290fd402f20c7cb7c5db44faa76be3c4f950a8f533f67105bf3e28","complete-byte-read-and-line-inventory"
"packages/backend/src/shared/database-pool/index.ts","implementation","405","16","cd7de4455dbb3ebe59bfd5a3b6d262ff333238b4628df4f412013a14aa3410c1","complete-byte-read-and-line-inventory"
"packages/backend/src/shared/database-pool/request-context.ts","implementation","1688","46","cb40a8f2cc4cab810cf204241a88c3fc017078cf140b2749890f8987d66ebfd9","complete-byte-read-and-line-inventory"
"packages/backend/src/shared/field-encryption/field-cipher.ts","implementation","9813","229","0b271861711e904a7cec830716b7cf4142518c2c0ecb698ee4dc7f4670246fa1","complete-byte-read-and-line-inventory"
"packages/backend/src/shared/field-encryption/index.ts","implementation","1249","41","75c3512798f5b0a198cd0331141fc3c42630571961dcc869a184987016ee16b3","complete-byte-read-and-line-inventory"
"packages/backend/src/shared/field-encryption/key-loader.ts","implementation","2906","73","65acabd6d9b7c92361a250a9100098d11ec90154f863ab68c80a2e06f4f1b332","complete-byte-read-and-line-inventory"
"packages/backend/src/shared/file-export/file-export-service.ts","implementation","2087","66","5e394e490ffb6f0c7d34ba12276e59da92b09041c0265275edb887b783277b1a","complete-byte-read-and-line-inventory"
"packages/backend/src/shared/file-export/index.ts","implementation","292","13","2a1523ef87c6d01b6a2c483436bc04b7f1bf5c4f74323b4c98adb79af41f0325","complete-byte-read-and-line-inventory"
"packages/backend/src/shared/file-export/types.ts","implementation","1167","49","ad422adc5cfe3477a2d1d75f4c83b198170f63a254b4f29621c6227408fc57b4","complete-byte-read-and-line-inventory"
"packages/backend/src/shared/http-admin-auth/index.ts","implementation","1382","39","6a8c7942438d24bd9176472a731f52f47bda842cbc418dc41f6f334c3b3f6eb4","complete-byte-read-and-line-inventory"
"packages/backend/src/shared/http-auth/index.ts","implementation","1746","48","bef22ea59e128acc6614fd025e750bf48080261f473ee5f9b49494fab8d0726f","complete-byte-read-and-line-inventory"
"packages/backend/src/shared/llm-provider-compat/anthropic.ts","implementation","5438","154","ecf6292db4951946603fb5a5ac25378f1e223d86d796fd9a701b13e213a06bfe","complete-byte-read-and-line-inventory"
"packages/backend/src/shared/llm-provider-compat/api-key-crypto.ts","implementation","2673","65","8bf89cbd0125f71c5e351be5e5817218a0b12566bcd8394d9f7c41a7d2f0dc34","complete-byte-read-and-line-inventory"
"packages/backend/src/shared/llm-provider-compat/dispatcher.ts","implementation","1875","47","957f0405dcac23b746a6b9ca35780dc4bc40781b27e48f6c46d634b16a3e0a24","complete-byte-read-and-line-inventory"
"packages/backend/src/shared/llm-provider-compat/index.ts","implementation","5858","142","1b1be6925257e669ba7f83a2a49600ac0e94eb952d26e98d8c02f4062d1afb8e","complete-byte-read-and-line-inventory"
"packages/backend/src/shared/llm-provider-compat/openai-compat.ts","implementation","6160","174","8d761162b832887084f18f1dd2195b695bcd2bae1cd9c8f45264e6880d7e2aa6","complete-byte-read-and-line-inventory"
"packages/backend/src/shared/llm-provider-compat/types.ts","implementation","2958","97","2c47908adb57d5b412ddfaa74833f92fc740e522dac49cf8cc5d1533f79b2003","complete-byte-read-and-line-inventory"
"packages/backend/src/shared/logger/index.ts","implementation","144","3","7d8bc0e387486da466cb217a21c17374cb881ba34f532f41f5fd70faeffef9a8","complete-byte-read-and-line-inventory"
"packages/backend/src/shared/logger/logger.ts","implementation","3463","94","088185adbfc3e81f75730a561a3a5c731b33887ca130bb019de627a8e0dab0c9","complete-byte-read-and-line-inventory"
"packages/backend/src/shared/login-lockout/index.ts","implementation","3848","95","e05dd0fd7f8c45f8486fc8125fbc4db2b328a215557dafe861a3dce9286c8a37","complete-byte-read-and-line-inventory"
"packages/backend/src/shared/platform-services/asr/placeholder.ts","implementation","1796","35","629fe2ba1dffe943199610eac7c8d9ff8406b2f369593f44fe1a62d8f563f5ef","complete-byte-read-and-line-inventory"
"packages/backend/src/shared/platform-services/asr/tencent.ts","implementation","4211","75","867f189b9f50131e47e98afa2637676e80850858aa597ce7449d500b743e33e0","complete-byte-read-and-line-inventory"
"packages/backend/src/shared/platform-services/asr/whisper.ts","implementation","4752","84","26dcb57e0791c4c6d572f0cdf5b44018fe4c72dc39af6c9ca54fddb596d657bd","complete-byte-read-and-line-inventory"
"packages/backend/src/shared/platform-services/config.ts","implementation","5026","75","e6b2d7a88e5b62197da2cefa253470f632f901931c347eaba7184e8638af61ea","complete-byte-read-and-line-inventory"
"packages/backend/src/shared/platform-services/index.ts","implementation","8767","192","3ca062ffe5a5a535bf1f08170bab08ef6db261be58b0d573943bf21a9f8f68c5","complete-byte-read-and-line-inventory"
"packages/backend/src/shared/platform-services/moderation/external.ts","implementation","5874","99","23497a08893b60baf2215cf4f1569d438f385feeb3d4f7a84d9ead34bb7df947","complete-byte-read-and-line-inventory"
"packages/backend/src/shared/platform-services/moderation/local.ts","implementation","2536","53","7edc43909e2b524f16bbd7a4004e611f9cda17db5a9f8067a697782395f2eba4","complete-byte-read-and-line-inventory"
"packages/backend/src/shared/platform-services/moderation/placeholder.ts","implementation","1762","31","93a9c507d9320d545d55a53ffef1d633c51995e711bc03e4213a2cf6df74afb0","complete-byte-read-and-line-inventory"
"packages/backend/src/shared/platform-services/moderation/rules.ts","implementation","3925","88","7b3285605eac3469de110904853394809efe46812c175374bb03e109973bdcbe","complete-byte-read-and-line-inventory"
"packages/backend/src/shared/platform-services/ocr/paddle.ts","implementation","3758","69","9edeb7f9fce16abe4a4ad021956b06104dab24845a2a3f79fa12a2b959310e60","complete-byte-read-and-line-inventory"
"packages/backend/src/shared/platform-services/ocr/placeholder.ts","implementation","1769","36","c12fbafea9cea277c04ff6a641ac29c5d166fbfab8e17019eba5e9caf599eb13","complete-byte-read-and-line-inventory"
"packages/backend/src/shared/platform-services/ocr/tencent.ts","implementation","4490","81","bea14c139f2a00abce1087dd0cc3bb06dab6a68ea0c5ab6b083f4f52be0471bb","complete-byte-read-and-line-inventory"
"packages/backend/src/shared/platform-services/scan/clamav.ts","implementation","3737","63","384c89cb9bf3146e390d33babc9485de20bd9bfc3832c89c4dbbbab8180bf2c1","complete-byte-read-and-line-inventory"
"packages/backend/src/shared/platform-services/scan/placeholder.ts","implementation","2054","37","9f9a241dc458afb90edf2531c75733b8c1ae33a91c37054aabebaf40cd174a43","complete-byte-read-and-line-inventory"
"packages/backend/src/shared/platform-services/types.ts","implementation","7815","165","276bc3ad84b83f527d4b08ef4b3b7caeefc99e94a7b367b309265ba66f6d7fe8","complete-byte-read-and-line-inventory"
"packages/backend/src/shared/prisma-errors/index.ts","implementation","419","8","aeefccd967976607d34d753ba8dfacb5c86c5351bf94d917d0598ca3d9c18dcf","complete-byte-read-and-line-inventory"
"packages/backend/src/shared/rate-limit/index.ts","implementation","3656","104","7b3c6e0718bcec6c288faebb03f9716e356181e4b40d1cf0fe8232573e3e535c","complete-byte-read-and-line-inventory"
"packages/backend/src/shared/requirement-domain/index.ts","implementation","554","17","2d354ee1798e7f16068415d44ef5cbf635d79b75b3864b8687ecf72026c2c693","complete-byte-read-and-line-inventory"
"packages/backend/src/shared/scheduler/index.ts","implementation","143","3","62f0a89628a3eef8b60fdbd1acab4ca70a58b5b9defb21565dda515134bf4825","complete-byte-read-and-line-inventory"
"packages/backend/src/shared/scheduler/scheduler.ts","implementation","1289","41","1fcfe0c5ea3cbb1756edf1c2f3b418f09f26747b522740c7779e1033220f145e","complete-byte-read-and-line-inventory"
"packages/backend/src/shared/scheduler/types.ts","implementation","422","16","0669e7c6f8c193f4cac4e893a2918cb1e5713935d2ee465a06bad5aaeec38db3","complete-byte-read-and-line-inventory"
"packages/backend/src/shared/shutdown/graceful-shutdown.ts","implementation","2938","79","07169227d6258cabe9f7185ce480b5bd270d988cf0f8264bc21dfecbb5a6ab5e","complete-byte-read-and-line-inventory"
"packages/backend/src/shared/shutdown/index.ts","implementation","282","13","d1368c10a48fe9fef0ce30189979d0a68d7556178cf695f560372bfee1923c12","complete-byte-read-and-line-inventory"
"packages/backend/src/shared/shutdown/shutdown.ts","implementation","3443","92","e991817973879d37c2d4380456079ceb861a863df35e0698de49bd3d348b3ec7","complete-byte-read-and-line-inventory"
"packages/backend/src/shared/ssrf/endpoint-guard.ts","implementation","14652","353","bce0af6734560ecbe454da695adb758eb15a572472d81e6a4e3e93ea9d1df8b2","complete-byte-read-and-line-inventory"
"packages/backend/src/shared/storage/index.ts","implementation","1630","40","7d90a04a1890d37274929548e1e6821928995467ce5b2d5f09c02500625f03ee","complete-byte-read-and-line-inventory"
"packages/backend/src/shared/storage/storage.ts","implementation","5782","144","7c566b15b109880141abdd70d85afc35cd4662309cdc9db49c0e5978494e512e","complete-byte-read-and-line-inventory"
"packages/backend/src/shared/storage/types.ts","implementation","1704","51","f9c5b156914756b0b01e026fc412c7bfbca23b18cc7b9bce534418d71ae5e2fa","complete-byte-read-and-line-inventory"
"packages/backend/src/shared/tool-registry/index.ts","implementation","250","9","2a5efa93460f8a20285ed9a42ca264549aee7224be0973ec9d458f3372462deb","complete-byte-read-and-line-inventory"
"packages/backend/src/shared/tool-registry/local-safe-tool-registry.ts","implementation","1196","34","afadf668aaa530cffca7f0ef38114a7890bd547d980ff6dba009f14d64d3b0b0","complete-byte-read-and-line-inventory"
"packages/backend/src/shared/tool-registry/tool-registry.ts","implementation","2116","66","ed39e3f2cb4780cbeb64e55c716756a48bc04a175525a949e5fb370c533b3dc7","complete-byte-read-and-line-inventory"
"packages/backend/src/shared/tool-registry/types.ts","implementation","844","29","9284b3ddc24b1703d047b86e8860baadfc22c2181aa78599b3d547f8a6b8a572","complete-byte-read-and-line-inventory"
"packages/backend/src/shared/trusted-clock/database-trusted-clock.ts","implementation","831","25","e59cbcfbc038ba1bfb66885147c5672ca69ecea5132eb312813fb752c290e4dd","complete-byte-read-and-line-inventory"
"packages/backend/src/shared/trusted-clock/index.ts","implementation","192","4","ee55ab58c272689cbed6cd5fba548ea9de9ed65648ff7b76a684cef105aab065","complete-byte-read-and-line-inventory"
"packages/backend/src/shared/trusted-clock/teacher-time-context.ts","implementation","1486","40","6d6c63e1094db3522681c796d1806022cda17a819f1555e5d6c695e5aeccae7b","complete-byte-read-and-line-inventory"
"packages/backend/src/shared/trusted-clock/types.ts","implementation","152","6","51253672fa8e09514cadcaa2eb4172b5a1ae8e06e95c54f1e1d6cd45d0a8c05f","complete-byte-read-and-line-inventory"
"packages/backend/src/types/formidable.d.ts","implementation","992","37","d01e83e7473bd4eb8809f3d92183fb70aaa7a970c6f8655b143f28744900fbca","complete-byte-read-and-line-inventory"
"packages/backend/tests/boundary/agenda-projection-boundary.test.ts","test-and-fixture","3094","74","9d478bdbfeb642c3ba80de267df334077a1c017312ac6add64754bbe553a6bed","complete-byte-read-and-line-inventory"
"packages/backend/tests/boundary/agent-edit-tool-boundary.test.ts","test-and-fixture","2385","52","d962bc7851b916f25f52780a754cbf3239e8b9f81bb2fc196890e389a193ef84","complete-byte-read-and-line-inventory"
"packages/backend/tests/boundary/agent-execution-contract-boundary.test.ts","test-and-fixture","2023","39","4e3aa19b669d354dfad4385d43403efe6712fa7754422cf6099e4ced847070a7","complete-byte-read-and-line-inventory"
"packages/backend/tests/boundary/agent-schema-boundary.test.ts","test-and-fixture","2430","49","1d91c007323574fc88f90f1e9235a59393dea8b16331dfca23d6c14cc89184f7","complete-byte-read-and-line-inventory"
"packages/backend/tests/boundary/architecture-boundary.test.ts","test-and-fixture","4452","112","0f9055844d22c2cf43417d35df684c74d6ce6466a2665fdcad863d176e344b28","complete-byte-read-and-line-inventory"
"packages/backend/tests/boundary/audit-time-field-matrix-boundary.test.ts","test-and-fixture","3931","106","c0a8eb1dd4bacf49047a03f4beab029ccc723a41b39d647589214be3b22e92ac","complete-byte-read-and-line-inventory"
"packages/backend/tests/boundary/build-runtime-contract-boundary.test.ts","test-and-fixture","3562","80","41fefb90ce3642260ad84c474274d33ba0434f88435059da469a66565f7e6a94","complete-byte-read-and-line-inventory"
"packages/backend/tests/boundary/changelog-time-source-boundary.test.ts","test-and-fixture","851","24","b8c3d8356f16e22db0d7ccf0e738c4f35bec2d07198c4d12fe8e4a30b44e4995","complete-byte-read-and-line-inventory"
"packages/backend/tests/boundary/communication-moderation-schema-boundary.test.ts","test-and-fixture","1132","21","f1261c6d33e0589f341bee97f3500826a1b0b49ab6010d8a7b4761b1ccac8c47","complete-byte-read-and-line-inventory"
"packages/backend/tests/boundary/communication-moderation-wiring-boundary.test.ts","test-and-fixture","3467","82","db0cfe8400c749a81ff3d0b3cc492b2f0da650a0beb8b9ff9ece5efa214451ba","complete-byte-read-and-line-inventory"
"packages/backend/tests/boundary/core-router-decomposition-boundary.test.ts","test-and-fixture","2581","71","a886f7224a14121b3ce50971a95e5c733b6782238856af409624637a7e84faaf","complete-byte-read-and-line-inventory"
"packages/backend/tests/boundary/current-time-persistence-boundary.test.ts","test-and-fixture","12903","331","8a34e93524a7a915b4c7703c17799f97145346ed4b80c65ad42af38c70c0e840","complete-byte-read-and-line-inventory"
"packages/backend/tests/boundary/d48-historical-time-source-boundary.test.ts","test-and-fixture","4727","142","bbd27c224fa7e690fb7418faa2cd2e026db2ad003ef7913d5ed25e708dfc3cfa","complete-byte-read-and-line-inventory"
"packages/backend/tests/boundary/daily-review-business-date-boundary.test.ts","test-and-fixture","2556","58","ae44b4407e1fd6b5733333dcdb3c8abfdc88304b08db4c831798b36c0b782008","complete-byte-read-and-line-inventory"
"packages/backend/tests/boundary/edge-conditions.test.ts","test-and-fixture","7359","161","536b0cd6ef4fd74c66f16181c47f760542bc2ad4f073acb1ccb2a001eb18a9f0","complete-byte-read-and-line-inventory"
"packages/backend/tests/boundary/edit-command-foundation-boundary.test.ts","test-and-fixture","2904","62","07b5f43f36804f3509937d022a8751360b7e56a2c68be259babe3b8b135ed3df","complete-byte-read-and-line-inventory"
"packages/backend/tests/boundary/edit-http-adapter-boundary.test.ts","test-and-fixture","2188","48","dbaec3a3a1e9b35635ea2abcd55974d0b17020cad58714578a34a9def2d3d758","complete-byte-read-and-line-inventory"
"packages/backend/tests/boundary/feedback-trusted-time-boundary.test.ts","test-and-fixture","3770","79","53e33fb8be9d8260533b670f816fb8a0f672da9e263fed4f84f8b1902b2d9cf1","complete-byte-read-and-line-inventory"
"packages/backend/tests/boundary/lesson-record-edit-command-boundary.test.ts","test-and-fixture","2673","58","820beb423f78749885b3ee0fe826bbf9ca751d59caf2a7ce75c68438b047a7f5","complete-byte-read-and-line-inventory"
"packages/backend/tests/boundary/memo-edit-command-boundary.test.ts","test-and-fixture","2799","64","deddd48b647f4566b315214306aec0f7a00c951e3eef90efad989c128a979e37","complete-byte-read-and-line-inventory"
"packages/backend/tests/boundary/memo-schema-boundary.test.ts","test-and-fixture","2311","71","31c11a72e52119dec30ef7ce77825e74bccdbf0e0f6f73413e01220cb2860afb","complete-byte-read-and-line-inventory"
"packages/backend/tests/boundary/parent-feedback-content-edit-command-boundary.test.ts","test-and-fixture","2788","50","49642e415daec263735783395aacd580f605154bdba0a45641c24fa8a57dff2d","complete-byte-read-and-line-inventory"
"packages/backend/tests/boundary/parent-feedback-schema-boundary.test.ts","test-and-fixture","4172","107","77ef6ac4842588df270075550a0d0dfb5c1d9057fadc7ddb2a4d630c6fd602e0","complete-byte-read-and-line-inventory"
"packages/backend/tests/boundary/payment-edit-command-boundary.test.ts","test-and-fixture","2716","61","7c48583a95da54abd405ac767f691a4fc6c4c41acaf6ccc12b1c5603b925913e","complete-byte-read-and-line-inventory"
"packages/backend/tests/boundary/pending-action-contract-boundary.test.ts","test-and-fixture","3058","69","479d2785ac7d3bf07e5642ea0a8b113a6a7c081b31176b8cbffb377b0fc0ec71","complete-byte-read-and-line-inventory"
"packages/backend/tests/boundary/pending-action-edit-boundary.test.ts","test-and-fixture","2219","48","3ecc5ab8636b6726b8171eee6d26916d34aaef9ecbb9d2b09fab032a0ba95082","complete-byte-read-and-line-inventory"
"packages/backend/tests/boundary/pending-action-error-protocol-boundary.test.ts","test-and-fixture","867","19","36cad813863874012f5bea27bcfd10f8b38fa08c3b1ffb75e34eef303a7da206","complete-byte-read-and-line-inventory"
"packages/backend/tests/boundary/pending-action-migration-boundary.test.ts","test-and-fixture","2604","57","0e1cf95cab3b23ed12d6d4e0b21784c3b5eecf7ca5c92e8979b875104c9885be","complete-byte-read-and-line-inventory"
"packages/backend/tests/boundary/pending-action-time-source-boundary.test.ts","test-and-fixture","2723","71","dc93032a995ae1249f5021caeffc8386d5f1a8e1e410061d5220de9e7cbbe249","complete-byte-read-and-line-inventory"
"packages/backend/tests/boundary/planned-schedule-entry-boundary.test.ts","test-and-fixture","1795","39","b1b2062cd11f3a3df81b0c519a5468b0b57a0afb95b2f115418f22bc6e8137f8","complete-byte-read-and-line-inventory"
"packages/backend/tests/boundary/presentation-document-boundary.test.ts","test-and-fixture","3740","87","aa43cdd897930cbaf3a4c49b274ee3ceaede57476f431dad1b7a8c3d8590bf92","complete-byte-read-and-line-inventory"
"packages/backend/tests/boundary/prisma-migration-boundary.test.ts","test-and-fixture","2325","71","296ca48180c71ae1bff2d58b8dd7cab49214358b9b41ff54073465bf15d6266f","complete-byte-read-and-line-inventory"
"packages/backend/tests/boundary/production-reachability-cleanup-boundary.test.ts","test-and-fixture","2552","72","306995f3fb570ad3fbb4eab4fdaa7a72cc48b4952b753bc5f43332cf338c6bff","complete-byte-read-and-line-inventory"
"packages/backend/tests/boundary/schedule-reschedule-command-boundary.test.ts","test-and-fixture","4185","78","44a1c98161f3ef874fb91c9c9c46784ee9d27218d5033dee08257ef2ed8b5877","complete-byte-read-and-line-inventory"
"packages/backend/tests/boundary/student-profile-edit-command-boundary.test.ts","test-and-fixture","2600","56","e40329961de7e51d4db3f2306b9d2bd4d876ad7ad6a6eae7343784a17f319d7c","complete-byte-read-and-line-inventory"
"packages/backend/tests/boundary/test-database-isolation-boundary.test.ts","test-and-fixture","2314","60","098ebf69d39275ade47144837937b7e76b647e39689c7f6f5d0f7b033602872d","complete-byte-read-and-line-inventory"
"packages/backend/tests/boundary/tool-side-effect-classification-boundary.test.ts","test-and-fixture","1679","53","4be6979ba1bb3b3590ff7c0aa993ee6b343e984fd7b43fcb419a2f7e19f7d702","complete-byte-read-and-line-inventory"
"packages/backend/tests/e2e/admin-mount-smoke.test.ts","test-and-fixture","6285","154","047b090847a75b1456b7a039f31183379047c91cc75dfea838bb9c294d7e5ee5","complete-byte-read-and-line-inventory"
"packages/backend/tests/e2e/agenda-api-workflow.test.ts","test-and-fixture","11062","322","42b30da60464b60b7511cbadbab530bcc23b212e44359c33e38ebff3a15dd2af","complete-byte-read-and-line-inventory"
"packages/backend/tests/e2e/agent-api-workflow.test.ts","test-and-fixture","7559","226","e21a45d93b51a7b8f28438beedcf1df032d6ecb38ffc7e99c5bbf94a102f8c7a","complete-byte-read-and-line-inventory"
"packages/backend/tests/e2e/agent-feedback-status-confirmation-workflow.test.ts","test-and-fixture","11187","253","7e8de738562fc420660a1090493667a71fb2bd8b1b93d0979f8b9e8b071de383","complete-byte-read-and-line-inventory"
"packages/backend/tests/e2e/agent-feedback-tool-workflow.test.ts","test-and-fixture","7101","173","a431495c9c09ae4351b703eabbcab7c7212e081a06010236287a3be182b515e8","complete-byte-read-and-line-inventory"
"packages/backend/tests/e2e/agent-memos-tool-workflow.test.ts","test-and-fixture","6057","158","3b1cb1b4ebaa233f4e16d981d2fb85d60ee9103e66d4b1b30e6199d1b29a1f05","complete-byte-read-and-line-inventory"
"packages/backend/tests/e2e/agent-minimal-tool-workflow.test.ts","test-and-fixture","4069","107","11610de313c2f71f2c4091fc7ed8a54af5c7ae3bef6e3a93809019aa67748932","complete-byte-read-and-line-inventory"
"packages/backend/tests/e2e/agent-p0-read-tool-workflow.test.ts","test-and-fixture","8895","210","4b57a5fe6ee5fa5c94e63ce853d32c345fd86a5c6d8ad5dd8855f6cf30306293","complete-byte-read-and-line-inventory"
"packages/backend/tests/e2e/agent-p0-state-tool-workflow.test.ts","test-and-fixture","11109","274","010baf93b49e35cd092f909522730257b2bccead52a768965bcc8925b321892a","complete-byte-read-and-line-inventory"
"packages/backend/tests/e2e/agent-p0-write-tool-workflow.test.ts","test-and-fixture","8605","212","8441d269284f94c51eb1c8e57ea4381bd7afb3c261aacaa2739d7a5095e59843","complete-byte-read-and-line-inventory"
"packages/backend/tests/e2e/agent-payments-create-confirmation-workflow.test.ts","test-and-fixture","16312","377","6a3df430173246b66ff79cb92bbfbf66f3e01140ebc070b61622227231c52681","complete-byte-read-and-line-inventory"
"packages/backend/tests/e2e/agent-records-capture-confirmation-workflow.test.ts","test-and-fixture","11052","256","33cc90fa3dd2f925ac5cfe0fef8d5af5a9a2339d17023f9a9d2c67c82aa29a0f","complete-byte-read-and-line-inventory"
"packages/backend/tests/e2e/agent-reliability-workflow.test.ts","test-and-fixture","13410","311","4df963819ab668756f545483715a7327af4cd3e56fb878f1447583f97d7bf175","complete-byte-read-and-line-inventory"
"packages/backend/tests/e2e/agent-write-changelog-workflow.test.ts","test-and-fixture","3533","81","cb850dcda87ec17f337b0d8a73feed7f158ba7f2d11e0596037bf67117c49c55","complete-byte-read-and-line-inventory"
"packages/backend/tests/e2e/ai-input-api-contract.test.ts","test-and-fixture","4988","160","0d48323d587f585c79a71309a17edc715ae057944ca1b5c60fa287199142b5ab","complete-byte-read-and-line-inventory"
"packages/backend/tests/e2e/api-core-workflow.test.ts","test-and-fixture","17569","453","b4d41ec78e7af4e660ebd980eb5d34d918274a27ae12ec1d2a20900763092a17","complete-byte-read-and-line-inventory"
"packages/backend/tests/e2e/auth-boundary.test.ts","test-and-fixture","9502","241","977d8acb2e5e26613af8f579a2a473cbf041fd1cf27081ab176d2cce5c88e225","complete-byte-read-and-line-inventory"
"packages/backend/tests/e2e/auth-flow.test.ts","test-and-fixture","4104","81","2792e0fc7b9915976b39d2be4ebc2e508f2652169842b5d48cd97b86eaee7ecf","complete-byte-read-and-line-inventory"
"packages/backend/tests/e2e/capture-api-contract.test.ts","test-and-fixture","3455","47","7b8595d0cfda78614d82dd004eecff8c97e3544b2b016f3a8bca3e78f1dc11da","complete-byte-read-and-line-inventory"
"packages/backend/tests/e2e/capture-legacy-default-closed.test.ts","test-and-fixture","961","22","06d9d90780d4fd7d87e198ae2540b400455aaa0f42b4cc8ca48038b1f591f5af","complete-byte-read-and-line-inventory"
"packages/backend/tests/e2e/conversation-api-workflow.test.ts","test-and-fixture","12673","346","0246f0e69dcdf347cd595bc7bfae1995ef751b78fdabc29c4a78f3af0aa824af","complete-byte-read-and-line-inventory"
"packages/backend/tests/e2e/core-teacher-workflow.test.ts","test-and-fixture","6937","154","ab107f6f0884eee1f9efe15ebbdcdd5e2d7a9e720a85dc82147868e482760f4b","complete-byte-read-and-line-inventory"
"packages/backend/tests/e2e/db-routing-workflow.test.ts","test-and-fixture","15836","412","c5d87b9490978cf295816ab69ee012c354b2f904c4151635dbdabeb384123764","complete-byte-read-and-line-inventory"
"packages/backend/tests/e2e/edit-api-workflow.test.ts","test-and-fixture","9992","234","8312ba8f5b003dcbc4ff7fde815957cad240bf91a0a77210c942f743988d7104","complete-byte-read-and-line-inventory"
"packages/backend/tests/e2e/idor-regression.test.ts","test-and-fixture","5914","139","3ee3093dba75659e0f6da0c414b0a3fd55902952c22b4ef53407a374cb479b88","complete-byte-read-and-line-inventory"
"packages/backend/tests/e2e/lesson-record-edit-command.test.ts","test-and-fixture","12040","332","111710db02ab6cc1fce1bda2521df7b166aad82df7859e6412a56cf74ddc71ea","complete-byte-read-and-line-inventory"
"packages/backend/tests/e2e/llm-line-workflow.test.ts","test-and-fixture","10986","251","407cddbd0bbbe209d839d3b0e4311ec44b3862af047005fa1c198b51ebde5c41","complete-byte-read-and-line-inventory"
"packages/backend/tests/e2e/local-safe-wechat-assembly.test.ts","test-and-fixture","1990","66","e298b677f22173ef3827901e9cab2259f1d06855bc65f06e635ec6481f9c8545","complete-byte-read-and-line-inventory"
"packages/backend/tests/e2e/memo-edit-command.test.ts","test-and-fixture","12346","344","f0e3c74e105497b1c79a5e11c2dbaa6a44504dc1a4f073c3532488e9b3d9b7b7","complete-byte-read-and-line-inventory"
"packages/backend/tests/e2e/parent-feedback-content-edit-command.test.ts","test-and-fixture","8712","176","e1c735c67c0a05d641e6ac5dc86a1d7ee9258567d9ded301d21a08836f4b2f35","complete-byte-read-and-line-inventory"
"packages/backend/tests/e2e/payment-edit-command.test.ts","test-and-fixture","11396","315","9fec1cceb505a88ae0f7fe3c483a1a0e7586b3f1aafe9363d1ee8341addbdd6b","complete-byte-read-and-line-inventory"
"packages/backend/tests/e2e/pending-action-api-contract.test.ts","test-and-fixture","11182","321","ee8d16d2ac428fb6d891ef51bc4e0c33802d1a5618c86e4a2e86802ba6a6576e","complete-byte-read-and-line-inventory"
"packages/backend/tests/e2e/pending-action-confirmation-workflow.test.ts","test-and-fixture","11776","286","c53f68271e054080b59604bb83feacce591637e6497a52dc8b55d8c2160cbec5","complete-byte-read-and-line-inventory"
"packages/backend/tests/e2e/pending-action-edit-workflow.test.ts","test-and-fixture","6389","139","27cf37a7a71863192b27846ca7b031a4dfe7e67c2023e04c09a27b355e83f59d","complete-byte-read-and-line-inventory"
"packages/backend/tests/e2e/presentation-recovery-workflow.test.ts","test-and-fixture","7390","196","39872c4abb8030d42cd0d5c192d2cf938bf7962ab2f2617dda54aaa7f88514dd","complete-byte-read-and-line-inventory"
"packages/backend/tests/e2e/process-guard.test.ts","test-and-fixture","5554","152","35e33aae701baaa5722486812ea3d5a2020fbd754f53e0ad9be6819137de82b0","complete-byte-read-and-line-inventory"
"packages/backend/tests/e2e/register-rate-limit.test.ts","test-and-fixture","8121","177","e7ec5177f21735b5ff4cf424989f8133d55fc230ddd13aac431f1d5d8b386dea","complete-byte-read-and-line-inventory"
"packages/backend/tests/e2e/requirements-api.test.ts","test-and-fixture","8815","205","8dc28e42ae27cde66766c5758632531c16599f5afe38296527c31a7b26a1ec63","complete-byte-read-and-line-inventory"
"packages/backend/tests/e2e/requirements-moderation-api.test.ts","test-and-fixture","4963","117","8636e1fb4476401c1061b0abef36fced089f7e0430d318bd0edc16a4070224c4","complete-byte-read-and-line-inventory"
"packages/backend/tests/e2e/requirements-shared-db.test.ts","test-and-fixture","9558","243","2b200660346f58981480eb04aa0a4365fabe0f25fa911024faac4eec44048c39","complete-byte-read-and-line-inventory"
"packages/backend/tests/e2e/schedule-reschedule-command.test.ts","test-and-fixture","14744","301","5a6d40e16eb514b462f46908217483488d88bc528763f4a5785791d9a1b15827","complete-byte-read-and-line-inventory"
"packages/backend/tests/e2e/student-profile-edit-command.test.ts","test-and-fixture","11217","297","4f9727f7573f785baae679b751eed066ce2ffc5d0a09569381bbf50597a6f17b","complete-byte-read-and-line-inventory"
"packages/backend/tests/e2e/t014-tenant-isolation-attack-matrix.test.ts","test-and-fixture","6362","156","64da7451744914939758eab43e22fbc56ed968cedd3f2e81de4ae550c553dbe5","complete-byte-read-and-line-inventory"
"packages/backend/tests/e2e/wechat-mount-smoke.test.ts","test-and-fixture","9879","253","b2fe8f1152ddfe0fa87b3fb77388626dfee7565b6b694956c73425b8a698806d","complete-byte-read-and-line-inventory"
"packages/backend/tests/fixtures/d47-audit-time-field-matrix.ts","test-and-fixture","17233","146","0b49b67cf9af1f0213307de2ecb0ae8f53343cef06192e195191966b2c2dbc1a","complete-byte-read-and-line-inventory"
"packages/backend/tests/fixtures/d48-historical-time-source-matrix.ts","test-and-fixture","17481","175","c2386177e409c126dffcc11bb6fdf67753c13030b22d94c3fe379a6275d55629","complete-byte-read-and-line-inventory"
"packages/backend/tests/fixtures/graceful-shutdown-child.ts","test-and-fixture","2124","54","bd984781798ec86893f90ea7572d643ff3597fa232596a7a886faa97f4d2d118","complete-byte-read-and-line-inventory"
"packages/backend/tests/functional/action-token-signer.test.ts","test-and-fixture","3287","87","b266cd06b59c58cb6387ca3b1fdfbbdc4c840574299a864edd1b83e029aefc41","complete-byte-read-and-line-inventory"
"packages/backend/tests/functional/adapters.test.ts","test-and-fixture","3473","90","ed2c7040c684238384af72e8b9daf207c88c7f64ce70323f55b6d2daa755a27d","complete-byte-read-and-line-inventory"
"packages/backend/tests/functional/admin/admin-actions.test.ts","test-and-fixture","17820","409","a86834dc36b05f5c08596589265264bbd382edf7db9890914dc387d69bea30be","complete-byte-read-and-line-inventory"
"packages/backend/tests/functional/admin/admin-audit-append-only.test.ts","test-and-fixture","4360","113","02e9d13841b864557c38b169a6aa58a5c26bce2b7597cbab99b1d06affbb5d7b","complete-byte-read-and-line-inventory"
"packages/backend/tests/functional/admin/admin-audit-db.test.ts","test-and-fixture","7332","202","00c6967dd44419038005eaa7f22b384814c754204991ff316ffc08b361ee04c5","complete-byte-read-and-line-inventory"
"packages/backend/tests/functional/admin/admin-auth.test.ts","test-and-fixture","11381","291","29fb4df4553cabf419d0373d28dcf42040524509fc82abbeb5e772c7ba7bc5f7","complete-byte-read-and-line-inventory"
"packages/backend/tests/functional/admin/admin-usage-summary.test.ts","test-and-fixture","12185","282","4d3664de8c320f3c9689e822f77daa538f96f9bbd3fe226d25420243b2a9bef8","complete-byte-read-and-line-inventory"
"packages/backend/tests/functional/admin/feedback-board.test.ts","test-and-fixture","17487","399","417673f008d67d0039e822dcb9209896bad769979f06a2abb61bfc7ce3781a45","complete-byte-read-and-line-inventory"
"packages/backend/tests/functional/admin/feedback-summary.test.ts","test-and-fixture","7802","187","669944be2ff7682f1b224fed3b396e9469a90d7c3dc28c3b5b3cadccecce8137","complete-byte-read-and-line-inventory"
"packages/backend/tests/functional/admin/interactions-health.test.ts","test-and-fixture","14125","336","e7ebcf469f0d3933de0a8b182da01d64458adb939ea5529de888a1b3bb106b06","complete-byte-read-and-line-inventory"
"packages/backend/tests/functional/admin/invitations.test.ts","test-and-fixture","5312","96","37662de8a3af2936eeb9bdd987678fa8edabc4a0c9b5454aecbd65f3b3509833","complete-byte-read-and-line-inventory"
"packages/backend/tests/functional/admin/teacher-overview.test.ts","test-and-fixture","13017","331","eaf7b29cf70356a142bd1b169cca25b33bc69fd083f202ae8b3e6bf09fb6c13e","complete-byte-read-and-line-inventory"
"packages/backend/tests/functional/agenda/agenda-owner-queries.test.ts","test-and-fixture","10542","252","d46e0b56ec55bfddad4f18184ed0bb409cab38786566584c39a6a1ea3669a729","complete-byte-read-and-line-inventory"
"packages/backend/tests/functional/agenda/agenda-projection.test.ts","test-and-fixture","11370","335","2a9d67748b4231240c7837b78bf6d929b9cf1d9101a361980dfc5d92aeec4f32","complete-byte-read-and-line-inventory"
"packages/backend/tests/functional/agenda/agenda-query.test.ts","test-and-fixture","10717","321","78bdb5410fd58003ba59ea296dc6f6e322c8b5aa005468d3fd9b0ca238d4d2e0","complete-byte-read-and-line-inventory"
"packages/backend/tests/functional/agenda/agenda-routes.test.ts","test-and-fixture","7356","232","a0229860015523625cf07a099cfcb357749ef140738e86404f44c7361a4979cd","complete-byte-read-and-line-inventory"
"packages/backend/tests/functional/agenda/business-calendar.test.ts","test-and-fixture","4024","137","d8591428379c14f739a15a3dc64915dea1faa30ecf7f38cb47d09889a292147d","complete-byte-read-and-line-inventory"
"packages/backend/tests/functional/agent-cost/agent-cost.test.ts","test-and-fixture","6084","163","db86239adad02cf2c2b06e67aca65b2514e496347412c32067f7cfb8df81f006","complete-byte-read-and-line-inventory"
"packages/backend/tests/functional/agent-execution/agent-execution-shadow-double-write.test.ts","test-and-fixture","5101","146","64ceee2f01f019865e8208a85f762c5d70709be9671b81d2ce65ffcb972e18a3","complete-byte-read-and-line-inventory"
"packages/backend/tests/functional/agent-execution/agent-execution-shadow-read-switch.test.ts","test-and-fixture","3582","97","c6505c7ea0fcc12bdb5e4e926177e8b1b8462a2e06c812a3315b4dc57c11abf6","complete-byte-read-and-line-inventory"
"packages/backend/tests/functional/agent-execution-runners.test.ts","test-and-fixture","2465","56","b67018c35102ac287afd5a6fbc8c04a67df5c6ab46354722207097f27e4011c2","complete-byte-read-and-line-inventory"
"packages/backend/tests/functional/agent-execution-service.test.ts","test-and-fixture","12177","287","17a0f99ba41a1651aa6dd4c1128fdb559803fe700974f3b1372b5358f73f30fc","complete-byte-read-and-line-inventory"
"packages/backend/tests/functional/agent-tools/agent-edit-tools.test.ts","test-and-fixture","2701","79","57b8a832e5b8b9e99636f8a4a13ce2b9c5a43f45b3349f0a1ee099409837de1f","complete-byte-read-and-line-inventory"
"packages/backend/tests/functional/agent-tools/communication-capture-moderation-wiring.test.ts","test-and-fixture","2550","70","69d07a2de4fd08ac5983981a81e93c673b8f5485b2146e23c0c9770539a98506","complete-byte-read-and-line-inventory"
"packages/backend/tests/functional/agent-tools/feedback-tool-registration.test.ts","test-and-fixture","18389","407","721b33ee5ac2496ecc6e3775b15121accb37359f8004896724d94c24e7e9739c","complete-byte-read-and-line-inventory"
"packages/backend/tests/functional/agent-tools/local-safe-tool-registry.test.ts","test-and-fixture","1873","64","3ccd2f1486aa7af62617b2ec126aa294ebdc6b2d8ef5f58bd4bd724ea04c8c4f","complete-byte-read-and-line-inventory"
"packages/backend/tests/functional/agent-tools/memos-tool-registration.test.ts","test-and-fixture","5841","161","c3c0a799b9a74045edb15311b63105cf0f0ab04fb562cd96bd6b54f380be77bb","complete-byte-read-and-line-inventory"
"packages/backend/tests/functional/agent-tools/minimal-tool-registration.test.ts","test-and-fixture","6612","161","f00b970a25af247e806743d485af9fcf7a847a5be29ae7cb45d51f0b44393834","complete-byte-read-and-line-inventory"
"packages/backend/tests/functional/agent-tools/p0-read-tool-registration.test.ts","test-and-fixture","7946","182","5fcef3d3706276548e1814c289ce88b229041c36f10caffde06900122f837795","complete-byte-read-and-line-inventory"
"packages/backend/tests/functional/agent-tools/p0-state-tool-registration.test.ts","test-and-fixture","2303","68","fb4c1c791d88e9eed5937ca547c416a18a7ffcbd2fe235bad11f042e5b03f626","complete-byte-read-and-line-inventory"
"packages/backend/tests/functional/agent-tools/p0-write-tool-registration.test.ts","test-and-fixture","16119","365","46ac21099924e5c419ba7507ad249544914457f44a871d29bcce211216943971","complete-byte-read-and-line-inventory"
"packages/backend/tests/functional/agent-tools/requirement-capture-moderation.test.ts","test-and-fixture","7387","175","2445c5c7b16eabee4eae7309cfe8eea911e4046cee702a4646d345ac4647538f","complete-byte-read-and-line-inventory"
"packages/backend/tests/functional/agent-tools/student-records-tool-registration.test.ts","test-and-fixture","10621","297","3309c9749b3645ba7ee38f192aea7b27d51d698b9d8c813d872f75c0a58651db","complete-byte-read-and-line-inventory"
"packages/backend/tests/functional/ai-client/ai-client-chat.test.ts","test-and-fixture","4409","124","b9e61174d0441b1cc1fdc5b7cbf0b774060a34dba36d9bcd4ca62ea8f688b1aa","complete-byte-read-and-line-inventory"
"packages/backend/tests/functional/ai-client/ark-provider-chat.test.ts","test-and-fixture","5780","184","733adea469c16a3f67ff59cce6948cce7f282d1d770ff6161986acd6871a8699","complete-byte-read-and-line-inventory"
"packages/backend/tests/functional/ai-client/local-safe-provider.test.ts","test-and-fixture","653","19","908623582715df251da31138f4754285c919818435916dd38a24992eea09eb0a","complete-byte-read-and-line-inventory"
"packages/backend/tests/functional/ai-client/routing-ai-client.test.ts","test-and-fixture","11455","280","d5b1a778ac399cb2e5d6d15086de9d669c6ae49be93f519543c6282873e4be3a","complete-byte-read-and-line-inventory"
"packages/backend/tests/functional/ai-client.test.ts","test-and-fixture","2214","58","657b091d0a05ed5e7ec4fb74ef3c531f889734192bebb14146e5a259ba949485","complete-byte-read-and-line-inventory"
"packages/backend/tests/functional/ai-notes/ai-note-service.test.ts","test-and-fixture","4584","140","d9afc5d3263db7d46a95c57649556e4b024f50021ac868222bfb4babee873c23","complete-byte-read-and-line-inventory"
"packages/backend/tests/functional/ark-ai-provider.test.ts","test-and-fixture","1668","39","64952888268a880147f39784961aa74734f403182a99c4b9da88689c5ce9f347","complete-byte-read-and-line-inventory"
"packages/backend/tests/functional/assessments/assessment-service.test.ts","test-and-fixture","25057","730","5726bc2c0cf56d65260df8b674032b0daeee3d5d73a7535e06474cdc9495cc38","complete-byte-read-and-line-inventory"
"packages/backend/tests/functional/audit-time/prisma-audit-time-source.test.ts","test-and-fixture","5667","138","23608ed321965af2011757b49043e3327cd27c11c5395b2891b197ad5230c4ff","complete-byte-read-and-line-inventory"
"packages/backend/tests/functional/auth/auth-service.test.ts","test-and-fixture","4781","89","0dc94b094a86d64ff184c72b74850884e8aede605d0519cfa1215d04d5b6169c","complete-byte-read-and-line-inventory"
"packages/backend/tests/functional/background-jobs/job-store.test.ts","test-and-fixture","5124","117","89f8766c851ab496243115f2e1e6e38892c479bbe0e5827b5b02d7ff678425c4","complete-byte-read-and-line-inventory"
"packages/backend/tests/functional/capture/capture-service.test.ts","test-and-fixture","12038","284","579cda3485c41b764887fbdee34620ef724ab6ab3993d0314cec582b9adf9c1b","complete-byte-read-and-line-inventory"
"packages/backend/tests/functional/changelog/changelog-audit-time-source.test.ts","test-and-fixture","4599","125","b516b8977804c4965d5d6938a4471a0d3c9db9ec2d473519225232d5de0a24dd","complete-byte-read-and-line-inventory"
"packages/backend/tests/functional/changelog/changelog-fail-closed.test.ts","test-and-fixture","1852","58","8ab3eb6c361ed8b6e58ea7d149263ac34143dbd26c32815609faf0ae9ae02a52","complete-byte-read-and-line-inventory"
"packages/backend/tests/functional/changelog/changelog-service.test.ts","test-and-fixture","9009","343","94f7b1bb247380dfac3348707118644c3fe7390205b9566da9e4def5ffef509f","complete-byte-read-and-line-inventory"
"packages/backend/tests/functional/changelog/diff.test.ts","test-and-fixture","2831","95","0e989047ce9d84c1fc5ffde56c7cc70b4fe85b2d85811d8b4022f4874297c8ff","complete-byte-read-and-line-inventory"
"packages/backend/tests/functional/changelog/prisma-extension.test.ts","test-and-fixture","7531","242","f087d89f72e2b44ad45c1aa6bdd24221eb0cd39fc5e69447bb33f600357490f4","complete-byte-read-and-line-inventory"
"packages/backend/tests/functional/composition/local-safe-mode.test.ts","test-and-fixture","798","17","97f8ef188f1fd136942c5ace46173fef4c859364426c7eacd72d0b94cfe33923","complete-byte-read-and-line-inventory"
"packages/backend/tests/functional/composition/local-safe-platform-services.test.ts","test-and-fixture","1024","26","7685e0be3419d2846ac96f5c170bb4e6ad66d9d2294383b17fec0a13832c4c16","complete-byte-read-and-line-inventory"
"packages/backend/tests/functional/composition/local-safe-provider-isolation.test.ts","test-and-fixture","4124","96","d55c13765cb5ae26e9f3cb9389f31cabdd26af6e5538c4f40e16e5bf5bb86f3e","complete-byte-read-and-line-inventory"
"packages/backend/tests/functional/composition/local-safe-storage.test.ts","test-and-fixture","1732","48","4fb2f0e0bede9ff6cf7e4777a9afb2d5efc252b94c723d86c5078c1d2d6c931b","complete-byte-read-and-line-inventory"
"packages/backend/tests/functional/confirmation/confirmable-action-registry.test.ts","test-and-fixture","3124","80","f6e9e75f78cecb45a80842261705ffa3f61e9e2bdd8cfe220725fc71b08dfdcc","complete-byte-read-and-line-inventory"
"packages/backend/tests/functional/confirmation/confirmation-gateway.test.ts","test-and-fixture","8775","248","408160e510b29c97b5039f8c62a3d7b09bc568858e518439fc26318df0b75858","complete-byte-read-and-line-inventory"
"packages/backend/tests/functional/confirmation/database-confirmable-action-registry.test.ts","test-and-fixture","5616","154","1fb939187bf6f23adaf2d15e470843714598871e6642468307e3c6c224fea5e7","complete-byte-read-and-line-inventory"
"packages/backend/tests/functional/confirmation/edit-action-executors.test.ts","test-and-fixture","5357","107","1bb3a9afdf9cedb0a77eaed60cf678f1bfadc60782911b3b32ec66768333da73","complete-byte-read-and-line-inventory"
"packages/backend/tests/functional/confirmation/edit-confirmation-gateway.test.ts","test-and-fixture","10575","166","5413359526d18543f04c65a22f75e5d6618f6f3278eabb0d47454a9601dc0da7","complete-byte-read-and-line-inventory"
"packages/backend/tests/functional/confirmation/feedback-status-action-executor.test.ts","test-and-fixture","12956","315","abf633f6e10e71cdcf6bd4dea812222fa63157da9af1d212146049e79f077987","complete-byte-read-and-line-inventory"
"packages/backend/tests/functional/confirmation/feedback-status-confirmation-gateway.test.ts","test-and-fixture","10367","248","f13075601e10fd49f06bfbc773b568fc8029ac2c3bec72240087a582e379127c","complete-byte-read-and-line-inventory"
"packages/backend/tests/functional/confirmation/payment-create-action-executor.test.ts","test-and-fixture","12935","341","f44075ef072300c332ffa6fb50531a62e3204fd17d36fad8d1f26c8e85434077","complete-byte-read-and-line-inventory"
"packages/backend/tests/functional/confirmation/payment-create-confirmation-gateway.test.ts","test-and-fixture","9593","239","d229cd8d855ab8d57d3c094345122362bad009afcfe26c9e2b79da57d9ca6417","complete-byte-read-and-line-inventory"
"packages/backend/tests/functional/confirmation/pending-action-execution-store.test.ts","test-and-fixture","9503","240","252b5b744e603079111b81eeed18a0c1a2e737ce2baa0b998ee4975e37cdee4f","complete-byte-read-and-line-inventory"
"packages/backend/tests/functional/confirmation/pending-action-response.test.ts","test-and-fixture","3078","99","0e4f59b188937ae7b1a86db767c24dc068c5509577e0d70fc382325a61073279","complete-byte-read-and-line-inventory"
"packages/backend/tests/functional/confirmation/pending-action-use-cases.test.ts","test-and-fixture","6660","177","d79e56c4b37038a4d570ed0a65af3c37ac25f8fd42ab7bc35677f0bf03150339","complete-byte-read-and-line-inventory"
"packages/backend/tests/functional/confirmation/records-capture-action-executor.test.ts","test-and-fixture","19923","490","fdccbceeec0a3920d7071a3a900e4730c8a085f7b226b4e1219f5810e00fb094","complete-byte-read-and-line-inventory"
"packages/backend/tests/functional/confirmation/records-capture-confirmation-gateway.test.ts","test-and-fixture","11092","268","af69752e0c992367e6025c89fedfc6790e487741c5b8d7ffd0e5c893bef49320","complete-byte-read-and-line-inventory"
"packages/backend/tests/functional/conversation/conversation-context.test.ts","test-and-fixture","8116","260","04f99524fa8dcdf9c0f3e472c6266956c61cdc8c29e6f25b1a580ac632b3f3d1","complete-byte-read-and-line-inventory"
"packages/backend/tests/functional/conversation/conversation-contract.test.ts","test-and-fixture","712","27","ec4adaff3a71e5c9dfdc849356179badca20b1534cc5b7f83991561e1731caa2","complete-byte-read-and-line-inventory"
"packages/backend/tests/functional/conversation/conversation-query-service.test.ts","test-and-fixture","7098","179","7f9a2d21d37bbda65e2095326fc9d8f601f11b2339333d9dd0f186fcf6651ff3","complete-byte-read-and-line-inventory"
"packages/backend/tests/functional/conversation/conversation-response-confirmation.test.ts","test-and-fixture","3501","110","0be4644799c062ec8f1498a1ab8280e69a955d359d934dbfd6febbd46d78a45f","complete-byte-read-and-line-inventory"
"packages/backend/tests/functional/conversation/conversation-service.test.ts","test-and-fixture","12433","397","1c1fbd800bb95fa516127abbb99cd7e93cf96d23ec4e69111651990d8eb5d369","complete-byte-read-and-line-inventory"
"packages/backend/tests/functional/daily-review/daily-review-service.test.ts","test-and-fixture","6574","187","597daedbd8fe2d195917374ebfbfcf207f0667fe5c3517f0419ce536b59b1e93","complete-byte-read-and-line-inventory"
"packages/backend/tests/functional/edit-command-foundation.test.ts","test-and-fixture","418","13","e3ee17c39f6b48040a8f5ba19257e6d90579d4f45227978f2455eeda05121502","complete-byte-read-and-line-inventory"
"packages/backend/tests/functional/feedback/feedback-contract.test.ts","test-and-fixture","663","25","47c5f8b1abcb51d75432d9ec5045fa6b0d334b252075b093c06765a505fd7e2c","complete-byte-read-and-line-inventory"
"packages/backend/tests/functional/feedback/feedback-create-audit-atomicity.test.ts","test-and-fixture","10922","315","ca6654f83c3649ef1ee60db80f86a0140046c4bbd49e3903e21bcdf63357eae0","complete-byte-read-and-line-inventory"
"packages/backend/tests/functional/feedback/feedback-service.test.ts","test-and-fixture","52334","1344","a9274d3cd9672f10b002cec238388d5e08b04442365ad51ebfb8f2d2d069fe79","complete-byte-read-and-line-inventory"
"packages/backend/tests/functional/feedback/feedback-status-audit-atomicity.test.ts","test-and-fixture","10781","245","8e46f1d8db009310a2a31eab1d67027ae4679d71e0cfd097a0fc9c55cc9a8558","complete-byte-read-and-line-inventory"
"packages/backend/tests/functional/feedback/parent-feedback-content-editor.test.ts","test-and-fixture","12370","249","4b1f2f6788e4328b1a81a4cfded5445ae45e9aeef44a3346b6afcf9aca0b37e0","complete-byte-read-and-line-inventory"
"packages/backend/tests/functional/field-encryption/field-cipher.test.ts","test-and-fixture","8409","200","363e15f05ca899b47478a5245c2d87ade8fe5b14b366024c6ce0cbdb6456ccf6","complete-byte-read-and-line-inventory"
"packages/backend/tests/functional/field-encryption/field-placement-batch1.test.ts","test-and-fixture","14284","342","a8b2c176758083d48c6114cc09ae2c44cdbb94317262a0cb4e8361a1306110eb","complete-byte-read-and-line-inventory"
"packages/backend/tests/functional/field-encryption/field-placement-batch2.test.ts","test-and-fixture","14708","342","0280f5017791a02d4c8d6cbc7dd8e97b3d590830862b657129dbb2afee3b2a57","complete-byte-read-and-line-inventory"
"packages/backend/tests/functional/field-encryption/field-placement-batch3.test.ts","test-and-fixture","11282","261","2382c40ed9ee37a8d2cdbfd93e8507d92fccedaaf1a3efa42f2fb4c920145f23","complete-byte-read-and-line-inventory"
"packages/backend/tests/functional/field-encryption/field-placement-batch4.test.ts","test-and-fixture","12131","283","d5fa4dfc27c494f207ba3262bb3f14dafc600d613d6fbde4b7a1672d070d113e","complete-byte-read-and-line-inventory"
"packages/backend/tests/functional/field-encryption/field-placement-batch5.test.ts","test-and-fixture","12896","282","a6deffda7aa738008efb6555a32473b5be9adfe9385da6a0772b7aa6524199e9","complete-byte-read-and-line-inventory"
"packages/backend/tests/functional/field-encryption/field-placement-batch6.test.ts","test-and-fixture","18057","449","cf988918ec5f5ca4eb02fd86ee6f074216a8168c8e47a40b54a505fb7c09c6d2","complete-byte-read-and-line-inventory"
"packages/backend/tests/functional/file-export.test.ts","test-and-fixture","4650","136","42d07f48b3fd27b2d7fa7d07cebfe7230e80773382c9b53e3e6fc5ee52c8ab30","complete-byte-read-and-line-inventory"
"packages/backend/tests/functional/health.test.ts","test-and-fixture","5197","136","a229885a7b5d005a443fc9d3a1f8508fcf5abc5313f3b81bc330b5fde40c3c5d","complete-byte-read-and-line-inventory"
"packages/backend/tests/functional/lessons/lesson-record-editor.test.ts","test-and-fixture","13264","363","98fbdb2051edec64596885e8881964ede37163bb6532029dfad2d0ae59051590","complete-byte-read-and-line-inventory"
"packages/backend/tests/functional/lessons/lesson-service.test.ts","test-and-fixture","17760","442","c442b6bfd0192852bd4e3402689518c5391b08649c7e2c061d8e5e46abc7365b","complete-byte-read-and-line-inventory"
"packages/backend/tests/functional/lessons/state-machine.test.ts","test-and-fixture","1581","44","6636d7b7a3cbe83027e2afcc29fb8197087db8ae94a6891a1f3c6380630a8e10","complete-byte-read-and-line-inventory"
"packages/backend/tests/functional/llm-provider-compat/endpoint-runtime-guard.test.ts","test-and-fixture","5216","115","46129a881fdfec24a4037864b3f3d1a7a5ddfffff511b53bda60fb05f06af340","complete-byte-read-and-line-inventory"
"packages/backend/tests/functional/llm-provider-compat/llm-provider-compat.test.ts","test-and-fixture","11876","257","9926ee0e43c53d151430e608e32e874860694fd860f6b88fafe72bc091f5b3e3","complete-byte-read-and-line-inventory"
"packages/backend/tests/functional/local-development-launcher.test.ts","test-and-fixture","2578","72","5dbf9c43dc4dec316ea204d782927481c366e38f48eca3a0f661a29c9edc335a","complete-byte-read-and-line-inventory"
"packages/backend/tests/functional/logger/logger.test.ts","test-and-fixture","2942","86","66dcea6e2f6085a68265ee685b3fb711ad6553852a8857000e1436758e38cc37","complete-byte-read-and-line-inventory"
"packages/backend/tests/functional/media/media-asset-service.test.ts","test-and-fixture","19677","524","3003a8d7d817b194473a7519ed6ab03e5b7bc763736c1d77760466952209261d","complete-byte-read-and-line-inventory"
"packages/backend/tests/functional/media/media-ocr.test.ts","test-and-fixture","22410","524","e077bc55ce64dbd0578d695052ca681c81bdea4d0b86cddc10cdfa71212e19e4","complete-byte-read-and-line-inventory"
"packages/backend/tests/functional/media/media-phase2.test.ts","test-and-fixture","19406","500","6f4cdd7e8d051b3df87d9fd4ed2fca59a719f7e127dc373bd7724828170ce921","complete-byte-read-and-line-inventory"
"packages/backend/tests/functional/media/media-s3-storage.test.ts","test-and-fixture","6530","153","86a2663c7515e7b4d18f5deed763675dda86a20203dbf1a4a256be1161d06661","complete-byte-read-and-line-inventory"
"packages/backend/tests/functional/media/media-scan.test.ts","test-and-fixture","28735","679","fbf64a2bd10469bb81b0744bb9fec0a32286fd7e50596a5653bb05900e46e657","complete-byte-read-and-line-inventory"
"packages/backend/tests/functional/media/media-transcription.test.ts","test-and-fixture","24822","583","1e4e6790cb1c692227dea1b63ecd399b0add1a2b7df953050bb4e897e311a5ed","complete-byte-read-and-line-inventory"
"packages/backend/tests/functional/memos/memo-editor.test.ts","test-and-fixture","14282","408","03ec820f4ae68a09d24b831e0ba469c5454a0290eafc9060283f30ad273c8148","complete-byte-read-and-line-inventory"
"packages/backend/tests/functional/memos/memo-service-update.test.ts","test-and-fixture","12132","437","b1ef63e59b5f8de81cabdd431cbab34e98341e39054f59766021942f9110cb1d","complete-byte-read-and-line-inventory"
"packages/backend/tests/functional/memos/memo-service.test.ts","test-and-fixture","7663","258","7731558dfedb66a81877cde7e5ef11b28756a494db3c318bde0de41479c2549f","complete-byte-read-and-line-inventory"
"packages/backend/tests/functional/memos/memos-contract.test.ts","test-and-fixture","636","26","74982a4ccb1c461c502174bb141f0dcc6cd435ac9b597f102442ceb3691db999","complete-byte-read-and-line-inventory"
"packages/backend/tests/functional/middleware/request-id.test.ts","test-and-fixture","4204","120","851e0ca3852c174ed6dd459e01d593c750b7b962d5c8ea7f3c67fa0761d32a88","complete-byte-read-and-line-inventory"
"packages/backend/tests/functional/payments/payment-editor.test.ts","test-and-fixture","12336","345","4d7dfd0e82d9d479187a48737760f93d556519116dc9af36e7c883be6a012eb5","complete-byte-read-and-line-inventory"
"packages/backend/tests/functional/payments/payment-service.test.ts","test-and-fixture","9411","207","a067427f9a003aa4332b167966dffdfba0ad7af08a2002d2f27fc800d976738c","complete-byte-read-and-line-inventory"
"packages/backend/tests/functional/payments/payments-create-audit-atomicity.test.ts","test-and-fixture","11255","259","cf09c418cb7894a1995c41516568abcf279f0e88730fb28cb95c64e5ff5092cb","complete-byte-read-and-line-inventory"
"packages/backend/tests/functional/pending-action-service.test.ts","test-and-fixture","11469","268","5d2e41b08f44f4077dc79b9a3ebdc0cb129fd2587c4441421a91af0a006362aa","complete-byte-read-and-line-inventory"
"packages/backend/tests/functional/platform-services/platform-services.test.ts","test-and-fixture","21951","426","5c5f8c244ddba6c0c9461a7cbeb822e4e8e87c06d6208fa2bf231d99a63314f4","complete-byte-read-and-line-inventory"
"packages/backend/tests/functional/platform-services/provider-skeletons.test.ts","test-and-fixture","14799","305","2efd353f2e54d673a35d0f73ca67c65dee460ace26d7b0010807df84bc4dc70b","complete-byte-read-and-line-inventory"
"packages/backend/tests/functional/presentation/presentation-agent-integration.test.ts","test-and-fixture","8649","264","863bf1209c529d6846cc79c920825cec474d20bebc5bb35a82014a34c368056a","complete-byte-read-and-line-inventory"
"packages/backend/tests/functional/presentation/presentation-builder.test.ts","test-and-fixture","7757","233","4467131afcfc07c7d37636f6fb573b82dc8934d2baf552b2fd0dcbff96631d14","complete-byte-read-and-line-inventory"
"packages/backend/tests/functional/presentation/presentation-conversation-projection.test.ts","test-and-fixture","2500","84","8112960660a4fdbf30a7d3482107580f8e09654c174d8f4c1affe8bef7e50fd6","complete-byte-read-and-line-inventory"
"packages/backend/tests/functional/presentation/presentation-envelope.test.ts","test-and-fixture","2420","69","f3fefa03d807a7d5b99460fd26eaa0abc6f211cfedd621d1be87abb09e35fbec","complete-byte-read-and-line-inventory"
"packages/backend/tests/functional/privacy/privacy-api.test.ts","test-and-fixture","21283","458","902832c3a0eeef86d4a95c10cd18fed54d7fa6dbe5d025dc721b6597e9ba6568","complete-byte-read-and-line-inventory"
"packages/backend/tests/functional/provider-configs/provider-config-routes.test.ts","test-and-fixture","6709","165","1ee07e0708e6f90cfa94a2a64d3b82365ec73a0be8e4795bb381ef0dd6d3ba4a","complete-byte-read-and-line-inventory"
"packages/backend/tests/functional/provider-configs/provider-config-service.test.ts","test-and-fixture","8445","213","a69fb27c370b9d691dd051966035469dfce2ec11865f0922943617a079590475","complete-byte-read-and-line-inventory"
"packages/backend/tests/functional/provider-configs/provider-config-ssrf.test.ts","test-and-fixture","5771","153","407e5b7bcfa108456aff14710b977b583a34d3b9c01f34ab63e1e041926f8bcc","complete-byte-read-and-line-inventory"
"packages/backend/tests/functional/provider-usage/provider-usage-service.test.ts","test-and-fixture","6552","176","289833afc53052896c20e0f3fa552dbf4ee4861372583a0c96d81e902ad8f205","complete-byte-read-and-line-inventory"
"packages/backend/tests/functional/provider-usage/provider-usage-wiring.test.ts","test-and-fixture","7774","169","ff0111d779ccb0cd6840f6efddfd5f3aa8c99fbb544b8f9e51f805e6e38e0f23","complete-byte-read-and-line-inventory"
"packages/backend/tests/functional/provider-usage/usage-routes.test.ts","test-and-fixture","4179","100","b44083fd18e6ae35222ab4ffdb9827367e49de4766023b8455923ecb6c302cde","complete-byte-read-and-line-inventory"
"packages/backend/tests/functional/push/push-service.test.ts","test-and-fixture","8428","210","44afb61b2d76c33d52c8e6b2d2e320e75978d9f8382ec958fa472766823bb80d","complete-byte-read-and-line-inventory"
"packages/backend/tests/functional/requirements/requirement-moderation.test.ts","test-and-fixture","7617","193","8288c69d6d1f8e72df85540185fa50230a92ab44d3fb82e29062d510a17afafa","complete-byte-read-and-line-inventory"
"packages/backend/tests/functional/requirements/requirement-service.test.ts","test-and-fixture","11000","254","9c1ebe76a9a15bd02a0a94a92f6a9f2134e3d0fc654e68920316e2bd96e2315c","complete-byte-read-and-line-inventory"
"packages/backend/tests/functional/routes/api-helpers.test.ts","test-and-fixture","1710","60","ccb92ba0a159ab9a4eb724013bbd84d97bbe5cb0ebf947b063484f53bba99363","complete-byte-read-and-line-inventory"
"packages/backend/tests/functional/routes/client-provider.test.ts","test-and-fixture","3681","91","6a7ae7b66d266e208a8d1850342a678a9d45bf2fb76bbadb5a77e5baac615a66","complete-byte-read-and-line-inventory"
"packages/backend/tests/functional/routes/database-router.test.ts","test-and-fixture","10785","283","7e4088f82979e77755a4665e23d5cce3f6a878d96be1e2436adf3d43b48e7893","complete-byte-read-and-line-inventory"
"packages/backend/tests/functional/routes/edit.routes.test.ts","test-and-fixture","8721","217","3db26d91967fddbd9c23d6f5531b71c58f35d0924bdf788e40571efa6bafefff","complete-byte-read-and-line-inventory"
"packages/backend/tests/functional/routes/feedback-generate.routes.test.ts","test-and-fixture","20826","635","637da1d2a259d8e01cc6cc64943a4c66797c3be09ea4c7125a9901614e9f90e7","complete-byte-read-and-line-inventory"
"packages/backend/tests/functional/routes/metrics.test.ts","test-and-fixture","1805","42","389022ac388e1dc27345417cc69ce1d3a85698ce39fc475363f1ac927a987388","complete-byte-read-and-line-inventory"
"packages/backend/tests/functional/routes/rate-limit.test.ts","test-and-fixture","21068","463","e84e003494d954632a67db2b1e80fcff6d17e96116de6023a40ddb85106338b5","complete-byte-read-and-line-inventory"
"packages/backend/tests/functional/routes/schedule-cancel-restore.routes.test.ts","test-and-fixture","4480","133","e994b6acdc812604b6d063daafe39054b057d2b09af7a416ee9521ab7578eed7","complete-byte-read-and-line-inventory"
"packages/backend/tests/functional/routes/student-records-capture-from-text.routes.test.ts","test-and-fixture","11119","316","4f7e664a9f2c5b647d5953443a865a723b3f5e6aada40854b5c23601ade43603","complete-byte-read-and-line-inventory"
"packages/backend/tests/functional/routes/student-records-communications.routes.test.ts","test-and-fixture","12272","332","4cceb346caacb40a0a9e2822e581190448e520cb5459b3a00cf522efd8501aa5","complete-byte-read-and-line-inventory"
"packages/backend/tests/functional/routes/student-records.routes.test.ts","test-and-fixture","16016","455","eb582d4a98ca5c403a8574348aadef612e7e375238998a7de5509362afc74a0a","complete-byte-read-and-line-inventory"
"packages/backend/tests/functional/scheduler.test.ts","test-and-fixture","1764","57","869c2ddcea265012c093e2607e9900e95a0ce6a39c79360ce6ed725c9a2a2044","complete-byte-read-and-line-inventory"
"packages/backend/tests/functional/scheduling/conflict-detector.test.ts","test-and-fixture","5776","172","b00261ca5e7120bdee66a1b03e1d41b308ba733d875024f57c94a0e069e8a236","complete-byte-read-and-line-inventory"
"packages/backend/tests/functional/scheduling/schedule-rescheduler.test.ts","test-and-fixture","12387","247","9b572b18b11981d9b3d5088a60d73bb010c1c145939a1bbe750edc8eae41e1f4","complete-byte-read-and-line-inventory"
"packages/backend/tests/functional/scheduling/schedule-service.test.ts","test-and-fixture","22406","647","0cdf985a8fe5b96b890bc57f6b97aa417bdc27dc7c2b758beeef44be22a063ff","complete-byte-read-and-line-inventory"
"packages/backend/tests/functional/scheduling/state-machine.test.ts","test-and-fixture","2738","77","df0c09ce07371bff260afdec4e79624efb3bc1561712a98a63c1916d20a46b1d","complete-byte-read-and-line-inventory"
"packages/backend/tests/functional/shutdown/shutdown-coordinator.test.ts","test-and-fixture","5910","170","0768324ff58fd2135a9c4270c90493cc227740c8fbe8d13b65b142625ed5bcd8","complete-byte-read-and-line-inventory"
"packages/backend/tests/functional/ssrf/endpoint-guard.test.ts","test-and-fixture","11021","210","d3fc5c58c96983a9e4f3a8205f5d624c4940d5136e082fc39af8cf3a67bf7ed6","complete-byte-read-and-line-inventory"
"packages/backend/tests/functional/storage.test.ts","test-and-fixture","9381","245","c5e64d8e1b1e6387bd6adc3ed1735c5a4b46f1c7f0c571c9da89a71a5131d811","complete-byte-read-and-line-inventory"
"packages/backend/tests/functional/student-communications/communication-moderation-persistence.test.ts","test-and-fixture","11507","234","98f663510cbfbb2d69284ff68750544547cd6cdac5eba88226fdfefd78862703","complete-byte-read-and-line-inventory"
"packages/backend/tests/functional/student-communications/communication-moderation.test.ts","test-and-fixture","3409","82","8c234f043754ae0078895d1e4bde9b1e82e3e9e9286c075167e9e04f3240e8e0","complete-byte-read-and-line-inventory"
"packages/backend/tests/functional/student-communications/communication-service.test.ts","test-and-fixture","16281","457","0ddd26f8e6bddca2e2b183ad993a3b656d0c85193d0e9c433dff0ecbc7a1538a","complete-byte-read-and-line-inventory"
"packages/backend/tests/functional/student-records/records-capture-audit-atomicity.test.ts","test-and-fixture","14603","332","2de1898dd369b1b48343c3f237c78d749f725e2ba1554ddb0c397436fd40d24f","complete-byte-read-and-line-inventory"
"packages/backend/tests/functional/student-records/state-machine.test.ts","test-and-fixture","2263","61","2b966d4f5986e6b3beb75132baa4395a6229ec6230e0d5d3b9ba9eb59a5f736f","complete-byte-read-and-line-inventory"
"packages/backend/tests/functional/student-records/student-record-service.test.ts","test-and-fixture","22309","653","fc3f2f50e73d3debd5976507b6c91dcc5f209650a4f959b85f7f2c24a5b21f55","complete-byte-read-and-line-inventory"
"packages/backend/tests/functional/student-records/student-source-record-service.test.ts","test-and-fixture","9773","279","c00f6b951c369fb1a9a19172d68da806d239ff29e2b3156567a1dc23a307d122","complete-byte-read-and-line-inventory"
"packages/backend/tests/functional/student-timeline/student-timeline-query.test.ts","test-and-fixture","15065","449","aa0a79754b3ade6672244d090913a37dc93ae199e226849e7e5980602e9d3796","complete-byte-read-and-line-inventory"
"packages/backend/tests/functional/students/state-machine.test.ts","test-and-fixture","1570","44","bf3750e2a9813239a2905f2771acf9145dbb4f763ebc82d3a655e76a7368c506","complete-byte-read-and-line-inventory"
"packages/backend/tests/functional/students/student-name-resolver.test.ts","test-and-fixture","6387","152","2e2c6d1ee948b6fd3372cd2d943c16fbfcd2ff0bcac4e6d2e5d80ea6919cc8de","complete-byte-read-and-line-inventory"
"packages/backend/tests/functional/students/student-profile-editor.test.ts","test-and-fixture","10900","292","2187c9be086d9361fa099578a895e3feabcb754acf9f1adc46f74515ee3f5e6f","complete-byte-read-and-line-inventory"
"packages/backend/tests/functional/students/student-service.test.ts","test-and-fixture","6999","207","8d186ce3fc3adcb7102290ca75a0d6172df87671be947a29b6ff16ef6fdd9cba","complete-byte-read-and-line-inventory"
"packages/backend/tests/functional/t016-web-vertical.test.ts","test-and-fixture","8466","103","e250e8f9ba10126133f9c338eb183d3aefe97ced8a82a6da0e8b322e3c9836b1","complete-byte-read-and-line-inventory"
"packages/backend/tests/functional/t017-lesson-ledger-vertical.test.ts","test-and-fixture","10661","145","8b6e569facfe13b42d24ce72b15455326449d9593e69bf77c7dd14b771c13d39","complete-byte-read-and-line-inventory"
"packages/backend/tests/functional/tool-registry/tool-registry.test.ts","test-and-fixture","7413","224","0cc74e17f5d072945d7904c04b71ccac6fce2fec95ae5a0201422881e736564d","complete-byte-read-and-line-inventory"
"packages/backend/tests/functional/trusted-clock/database-trusted-clock.test.ts","test-and-fixture","1507","40","74f8908c3cbd8e1b581602d3024f47593593654e8c23b8d7d223673e5a0b216b","complete-byte-read-and-line-inventory"
"packages/backend/tests/functional/trusted-clock/teacher-time-context.test.ts","test-and-fixture","1014","33","b4e13238d685d6e8c8a0eb5229a6090f6175fe66cafc41e339cb0af35760ae6e","complete-byte-read-and-line-inventory"
"packages/backend/tests/functional/use-cases/agent-converse-budget.test.ts","test-and-fixture","8593","177","536dbfdbb6c24405f10f4188b8aed786e064aa87e3b89342182cb5531d767b61","complete-byte-read-and-line-inventory"
"packages/backend/tests/functional/use-cases/agent-converse-confirmation.test.ts","test-and-fixture","8014","205","c53a46c833a38d476fae2ce09a7d71a5c7f09eca95efbb512d6dd14f93ea4b4d","complete-byte-read-and-line-inventory"
"packages/backend/tests/functional/use-cases/agent-converse-use-case.test.ts","test-and-fixture","17807","470","cb2d96fdd88c796a9796eac31b8758e83236ae79501e0172c7d1b451641d536f","complete-byte-read-and-line-inventory"
"packages/backend/tests/functional/use-cases/assemble-parent-feedback-context.test.ts","test-and-fixture","17260","490","9512d5223822c7f12409424af54b763f58dad15e14eaa078a7a5a7bbbaf517e6","complete-byte-read-and-line-inventory"
"packages/backend/tests/functional/use-cases/auto-archive.test.ts","test-and-fixture","2644","72","397bd2d038bd734a73c66944b90304d6a2460d17b1ad71eb13d4d3054bf6d8de","complete-byte-read-and-line-inventory"
"packages/backend/tests/functional/use-cases/balance-calc.test.ts","test-and-fixture","4207","99","1eb462c50995b06f6f3fce62dafa3e88b18c7f868b24f987c19d3679c3f9bb73","complete-byte-read-and-line-inventory"
"packages/backend/tests/functional/use-cases/capture-communication-from-text.test.ts","test-and-fixture","14663","343","7468f43f23ee81376688b8e6b400d6907657bad0ba58c3918f38777326d7ce60","complete-byte-read-and-line-inventory"
"packages/backend/tests/functional/use-cases/capture-score-from-text.test.ts","test-and-fixture","11954","309","2d74e5eb54d5768fdd93619e2f9812fa499c6fe1abe1119be15fa709c74e3b25","complete-byte-read-and-line-inventory"
"packages/backend/tests/functional/use-cases/create-planned-schedule-use-case.test.ts","test-and-fixture","4241","132","0651ea052bf84c7fd0d7127c1867c3bd80c6a5cf375941832fa0b1e445932dc8","complete-byte-read-and-line-inventory"
"packages/backend/tests/functional/use-cases/daily-review-assemble-audit-atomicity.test.ts","test-and-fixture","13897","388","394933a9c0ea4b4830006d000ab85340dd5f37ae54c70a5a223fd754b298466e","complete-byte-read-and-line-inventory"
"packages/backend/tests/functional/use-cases/daily-review-assemble.test.ts","test-and-fixture","10596","279","bfd8b6428d4432f69211d9f5d9a35916cd36a9301b33653b046c356628a7d0e0","complete-byte-read-and-line-inventory"
"packages/backend/tests/functional/use-cases/daily-review-interact-audit-atomicity.test.ts","test-and-fixture","17675","500","1798f7b8b7049913a00e8e84e6e2d8fda64bc5e7290e0bcb5e84d2f2af0ca78f","complete-byte-read-and-line-inventory"
"packages/backend/tests/functional/use-cases/daily-review-interact.test.ts","test-and-fixture","4029","111","f90eedd78b369376829c6737b3bfc55f8057eb60ceb3681451ce2886a3f43066","complete-byte-read-and-line-inventory"
"packages/backend/tests/functional/use-cases/evening-review.test.ts","test-and-fixture","4255","113","c5a49f1aaea1a4896102e5ad5fdd73ad1bf634e573e8ddaa284a3e41d3826f3b","complete-byte-read-and-line-inventory"
"packages/backend/tests/functional/use-cases/generate-feedback-draft-use-case.test.ts","test-and-fixture","29546","750","56a88728adf11501f1bfba698e0c287b9daa50f2cfaee6bfcb780286744f2280","complete-byte-read-and-line-inventory"
"packages/backend/tests/functional/use-cases/lesson-reminder.test.ts","test-and-fixture","2941","87","2ad80c6233dcbce1db4f94faef9ccab5d7418a44847e81f38305b7d1dd5c66e1","complete-byte-read-and-line-inventory"
"packages/backend/tests/functional/use-cases/lesson-status-fix.test.ts","test-and-fixture","3659","86","8a0693f41de68e633dbcf5485b3df65d2232d8299520fea0722e3c8315b14de0","complete-byte-read-and-line-inventory"
"packages/backend/tests/functional/use-cases/morning-brief.test.ts","test-and-fixture","4944","120","c0579877aaf055eda6c8f4055639b526703e9937bafb6306d4cb2163cf5f2190","complete-byte-read-and-line-inventory"
"packages/backend/tests/functional/use-cases/reschedule-lesson.test.ts","test-and-fixture","9766","209","f82bd3b014d7d7eb4577d0f685590c29459980aa67cad38e45a86c5d4d4fb9d7","complete-byte-read-and-line-inventory"
"packages/backend/tests/functional/use-cases/save-raw-input.test.ts","test-and-fixture","3008","86","65e73d6209f9d5db93d2f0821deb042a138e41f2d983a5bf82195cb780645623","complete-byte-read-and-line-inventory"
"packages/backend/tests/functional/use-cases/schedule-complete-audit-atomicity.test.ts","test-and-fixture","8342","239","6dedd3725f94b8243f65d3aa7362e02ab3d6e450ee0cbcfc598c6fc508f15703","complete-byte-read-and-line-inventory"
"packages/backend/tests/functional/use-cases/schedule-complete.test.ts","test-and-fixture","4025","100","3659111927b94bd78622311b19ef8e19f5c3e9db0ab54dcc66df2f885d29fa0b","complete-byte-read-and-line-inventory"
"packages/backend/tests/functional/use-cases/student-list-sorted.test.ts","test-and-fixture","3308","85","4721e2cd7b943abe2282c84402a2888233cf8fa9212538ced9dfc4df9642efc3","complete-byte-read-and-line-inventory"
"packages/backend/tests/functional/use-cases/student-profile.test.ts","test-and-fixture","3156","89","ba6c022348431bff6d897beaf823f2c5d7dd87d3dfc6bcb6726d89c712cf7a61","complete-byte-read-and-line-inventory"
"packages/backend/tests/functional/use-cases/update-lesson-record.test.ts","test-and-fixture","8660","265","5d82f4a4a6a9787a86766c780edef7be2dce2af8ed9086a321fe7e5892c5aef1","complete-byte-read-and-line-inventory"
"packages/backend/tests/functional/use-cases/update-memo.test.ts","test-and-fixture","11016","333","6c486fa83cbe966def39740faa7aa5d444b42a99ea1f5012bc4910dc22187305","complete-byte-read-and-line-inventory"
"packages/backend/tests/functional/use-cases/update-parent-feedback-content.test.ts","test-and-fixture","7856","158","e157a4ed2ca15a6c9b6653cd3e5bd8aaf970848c76b48a7ddd7503477cb6d06a","complete-byte-read-and-line-inventory"
"packages/backend/tests/functional/use-cases/update-payment.test.ts","test-and-fixture","9026","276","d2615b3110e73a69c6298b8acf05a0780a57ba758389f662bd1f90ed657bc82f","complete-byte-read-and-line-inventory"
"packages/backend/tests/functional/use-cases/update-student-profile.test.ts","test-and-fixture","8004","244","e82dd80ba053599f79cb3882e75eb0d041ed6bc7667bda111a13a8551f048d0f","complete-byte-read-and-line-inventory"
"packages/backend/tests/functional/wechat/w0-ilink-transport.test.ts","test-and-fixture","23745","538","6ab6d4715b0f591b83381bde8d806fda474f750d3340bee7670bbdd6a94ed3f5","complete-byte-read-and-line-inventory"
"packages/backend/tests/functional/wechat/wechat-agent-loop.test.ts","test-and-fixture","19461","456","e0ff1552b6a8f6a2d79dd17c8bce36f086c3c5babaafee69343e0c4a1be95eec","complete-byte-read-and-line-inventory"
"packages/backend/tests/functional/wechat/wechat-ilink-login.test.ts","test-and-fixture","20794","470","d0356ff83f6b68df8e83844c99a054529794e215c5759cc51b06d03680395950","complete-byte-read-and-line-inventory"
"packages/backend/tests/functional/wechat/wechat-message-inbound.test.ts","test-and-fixture","13950","348","fec8d13e40b80466de56be8e5097b83e7a9614b99184f87055139c673fec7fa4","complete-byte-read-and-line-inventory"
"packages/backend/tests/functional/wechat/wechat-message-queue.test.ts","test-and-fixture","3137","96","c895a1946cfadfd32fa5c72d0dc150917eac5ea538f7d16301768c71f0aab21d","complete-byte-read-and-line-inventory"
"packages/backend/tests/functional/wechat/wechat-notifier.test.ts","test-and-fixture","15755","386","1292e6f459e6188a58c040c216d60ecc787a4b5060acd8a07c58da6e622f4aec","complete-byte-read-and-line-inventory"
"packages/backend/tests/functional/wechat/wechat-runas-context.test.ts","test-and-fixture","6294","151","de1d960101d7c6177266c171b7319fdac60c3a87dfbfa9c0eb9590f03599fed5","complete-byte-read-and-line-inventory"
"packages/backend/tests/functional/wechat/wechat-s5-hardening.test.ts","test-and-fixture","13276","305","35768e9d35e472732fee7ee06d4c0de0f342ee3181ce7c9a58dde4f625838add","complete-byte-read-and-line-inventory"
"packages/backend/tests/functional/wechat/wechat-signature.test.ts","test-and-fixture","13611","275","36ff8d78e715a50517641c720d182d11c07009704ab9583b1b61c27fee2c3e7c","complete-byte-read-and-line-inventory"
"packages/backend/tests/helpers/invitations.ts","test-and-fixture","1687","46","12c8e98428e1f82f15cf8f274267cdfedea16f16858c4b19fd6e6c24e3c339d9","complete-byte-read-and-line-inventory"
"packages/backend/tests/helpers/isolated-postgres.ts","test-and-fixture","4431","118","e1b9633ef4027787b100d43a4780624aba8cd5077dbf3e534f60b6bbbc3e85ef","complete-byte-read-and-line-inventory"
"packages/backend/tests/helpers/prisma-query-event.ts","test-and-fixture","3340","95","dfcac84c6b5b333d883b01c73b5db1d4c56a50e4b33786d90c846f8f2d3cf81b","complete-byte-read-and-line-inventory"
"packages/backend/tests/setup/encryption-key.ts","test-and-fixture","450","10","92ef0cde4e6815242006600881bc7f036ee10fb0ae2ca9301b0c25b77c7d2f1a","complete-byte-read-and-line-inventory"
"packages/backend/tsconfig.json","configuration-and-assets","453","19","84f37aa64b949b7aaba41974cb6137341a36730b7d3e174803cb9289eae1e7c7","complete-byte-read-and-line-inventory"
"packages/backend/vitest.config.ts","test-and-fixture","574","16","649b781a62afa8a2931f9989e89c2fbdae9100bcb04a2af25c7501ba8349b268","complete-byte-read-and-line-inventory"
"packages/contracts/package.json","configuration-and-assets","888","28","fd4e8abe06b1840b3a84379cbd4148442c80ec4c6d4cc3d6fa9b55b556e6699c","complete-byte-read-and-line-inventory"
"packages/contracts/prisma/migrations/00000000000000_current_schema_baseline/migration.sql","schema-and-migration","9817","320","4f3e7d418a413b8c94001766f098cfa640a263bce99d55d72143f8b312d8eb46","complete-byte-read-and-line-inventory"
"packages/contracts/prisma/migrations/00000000000001_add_pending_action/migration.sql","schema-and-migration","1223","34","4ca82a037f184f347f412995ae14c7f106aeaf2ab0795a7d19f086914c951f83","complete-byte-read-and-line-inventory"
"packages/contracts/prisma/migrations/00000000000002_add_agent_execution/migration.sql","schema-and-migration","1387","36","6c374eb76ec241e702ff6db52febd61e81e227311116a7f4f2b34098b0b9fc66","complete-byte-read-and-line-inventory"
"packages/contracts/prisma/migrations/20260818203242_add_agent_execution_shadow_ts/migration.sql","schema-and-migration","224","6","74ea6c89a3932a91429f070c4b2c65ab58ba892d662b867e3254c6b6f787b8ec","complete-byte-read-and-line-inventory"
"packages/contracts/prisma/migrations/20260818225009_add_remaining_shadow_ts/migration.sql","schema-and-migration","2157","63","dce93d6bf1d60c18785e05805755029407e971c0d41a0169a37ebf31e9fa0e2d","complete-byte-read-and-line-inventory"
"packages/contracts/prisma/migrations/20260819060000_drop_old_timestamp_columns/migration.sql","schema-and-migration","5544","174","1e370ec6869e53b60554c1debf0f59e5df1790566e3835030e36ed015678bfcb","complete-byte-read-and-line-inventory"
"packages/contracts/prisma/migrations/20260820000000_add_d40_student_longitudinal/migration.sql","schema-and-migration","3786","99","b2a34fa32499af05f7db177920234ed31bf4a51b513f77edf29c22de0fde4411","complete-byte-read-and-line-inventory"
"packages/contracts/prisma/migrations/20260822000000_add_d40_communication_detail/migration.sql","schema-and-migration","1205","31","7e6127891cf56cd481dd1edc56b55bb9f8a6f5b907e5ae748a67ad199fa2e50b","complete-byte-read-and-line-inventory"
"packages/contracts/prisma/migrations/20260823000000_add_d40_feedback_snapshot/migration.sql","schema-and-migration","2121","58","3542e9ec697b30e11ebb36305f73b3b3096ea2ce57a800eda31a07fb152b6dc7","complete-byte-read-and-line-inventory"
"packages/contracts/prisma/migrations/20260830000000_add_p7_auth_models/migration.sql","schema-and-migration","1648","46","b741204e5b1e419772920ece2bb845efd006fb890e591f125a4c3daad887936d","complete-byte-read-and-line-inventory"
"packages/contracts/prisma/migrations/20260831000000_add_p2_user_requirement/migration.sql","schema-and-migration","1556","41","837f6354370e9805362c435c752b7382e3d48b75e2da2cbfb7b1278ead45a4d8","complete-byte-read-and-line-inventory"
"packages/contracts/prisma/migrations/20260901000000_drop_teacherid_indexes/migration.sql","schema-and-migration","2205","90","c5cc6604d0acaf92b972fdb226c8aa8f191bf8bbf7b808729781c248c0acc08a","complete-byte-read-and-line-inventory"
"packages/contracts/prisma/migrations/20260902000000_add_p7_provider_configs/migration.sql","schema-and-migration","979","27","1e7e0fd13703bbee3bcb3c3e880f8868f44fa649255ea6ee07870bd4c435a3a8","complete-byte-read-and-line-inventory"
"packages/contracts/prisma/migrations/20260903000000_add_p7_provider_usage/migration.sql","schema-and-migration","938","26","4f3a2d9f613a19cfe86b6f8f2329e12faec443a22346f6123b0740338850b5e5","complete-byte-read-and-line-inventory"
"packages/contracts/prisma/migrations/20260904000000_add_p7_admin_audit/migration.sql","schema-and-migration","902","32","e3a1650efe05986a87923e03daf969f1fc37d20a1d7dfe811f5114d7aef999b7","complete-byte-read-and-line-inventory"
"packages/contracts/prisma/migrations/20260905000000_add_p7_wechat_channel_identity/migration.sql","schema-and-migration","797","22","48e5cc7293f1d4e9ffcc99b13a7e48bddb6f25c93585c31b54a0a576c7498e75","complete-byte-read-and-line-inventory"
"packages/contracts/prisma/migrations/20260905000001_add_p7_media_asset/migration.sql","schema-and-migration","805","28","44a220b14ff74c9b0c13039333daf14d804312696303104336c9287661cf2778","complete-byte-read-and-line-inventory"
"packages/contracts/prisma/migrations/20260905000002_add_p7_wechat_channel_message/migration.sql","schema-and-migration","824","24","cb8f153f0cd0aa869d65cae6153f3d9ea42953377a80f1e97616155e20baf7a1","complete-byte-read-and-line-inventory"
"packages/contracts/prisma/migrations/20260905000003_add_p7_wechat_channel_message_error/migration.sql","schema-and-migration","75","3","21cc1e4f613ff4ddd5d264216a270403ce42f6b07e83d678c0e207698f546a57","complete-byte-read-and-line-inventory"
"packages/contracts/prisma/migrations/20260905000004_add_p7_wechat_channel_conversation/migration.sql","schema-and-migration","776","21","feece5cacb990f0ddc50b1fa335235dacfd091c510538d3b557335ee710f4169","complete-byte-read-and-line-inventory"
"packages/contracts/prisma/migrations/20260906000000_add_p7_media_asset_phase2/migration.sql","schema-and-migration","876","14","235f4ca84e2ce0a9961844c789dca0f31b753179566c3956fb6c9734a95bb14c","complete-byte-read-and-line-inventory"
"packages/contracts/prisma/migrations/20260907000000_add_p7_media_asset_transcription/migration.sql","schema-and-migration","443","8","706a7e3ece93f7cfc50c576f7bd868f525c1768dcda612a3f54e9b867591c3a9","complete-byte-read-and-line-inventory"
"packages/contracts/prisma/migrations/20260908000000_add_p11_media_asset_ocr/migration.sql","schema-and-migration","756","12","98e2b36ae2c51adfd1df85038d13fffc4214b6b67c4f83cd7a721956bf565c42","complete-byte-read-and-line-inventory"
"packages/contracts/prisma/migrations/20260909000000_add_p12_media_asset_scan/migration.sql","schema-and-migration","540","8","df71b066647b41c770cd513cd4d990e6ded88578455cb097db798bbba238ba7b","complete-byte-read-and-line-inventory"
"packages/contracts/prisma/migrations/20260910000000_add_p14_user_requirement_moderation/migration.sql","schema-and-migration","517","8","021cd72d8dd7574ae05d8f1e718f1e7430fb556daf924e07891691d34bae57a0","complete-byte-read-and-line-inventory"
"packages/contracts/prisma/migrations/20260911000000_add_parent_feedback_moderation/migration.sql","schema-and-migration","488","8","ba0c2b739b4eb07b139bc822aa309c76dc0af7619ba91a8aa3decadd4b958e2f","complete-byte-read-and-line-inventory"
"packages/contracts/prisma/migrations/20260912000000_add_communication_moderation/migration.sql","schema-and-migration","112","4","d475503501eee9b4695c64cd5d4e353fa40f7d1d547a204a9c1750bed9e65bf2","complete-byte-read-and-line-inventory"
"packages/contracts/prisma/migrations/20260913000000_add_t014_teacher_invitation/migration.sql","schema-and-migration","927","21","3284511708a1042c5bed24bf88dd77f4a4f1bbec07a3f392eee5f6a96f7bad2d","complete-byte-read-and-line-inventory"
"packages/contracts/prisma/migrations/20260914000000_add_t015_capture_lifecycle/migration.sql","schema-and-migration","4004","80","2e88599c2960c074d0d0397accca0db4e037e3ac692279fd394bfbec9fa06809","complete-byte-read-and-line-inventory"
"packages/contracts/prisma/migrations/20260915000000_add_t016_schedule_participants/migration.sql","schema-and-migration","2387","48","c9de985eaebdd847be493d77553beeefe95d63c0dd52eee88ba5ec9fe2b84e65","complete-byte-read-and-line-inventory"
"packages/contracts/prisma/migrations/20260916000000_add_t017_lesson_ledger/migration.sql","schema-and-migration","3579","60","1845bc6f286e97dac50f2718967010ff9ff00d7a721bf4b42c3c7d83ecc8da9e","complete-byte-read-and-line-inventory"
"packages/contracts/prisma/migrations/20260917000000_add_payment_client_request_id/migration.sql","schema-and-migration","164","5","0cec019c506ffeadfc30e09f99fcb09db59c6e80276494df7501c2848bc97292","complete-byte-read-and-line-inventory"
"packages/contracts/prisma/migrations/20260918000000_add_t017_attendance_reversal/migration.sql","schema-and-migration","315","7","37be63bcfe5288b714bda9b08ed9c5f94c53f1e841cc1e12168a20820d3fd79c","complete-byte-read-and-line-inventory"
"packages/contracts/prisma/migrations/20260919000000_add_t019_recognition_confidence/migration.sql","schema-and-migration","282","6","a945de3b563ba4076cb5b2d5a6a937d75a2cf5c449567fffdc2c5ba7d9730e50","complete-byte-read-and-line-inventory"
"packages/contracts/prisma/migrations/migration_lock.toml","schema-and-migration","128","4","99836963713b4f5b269ad49af0ed3d7b0b2e336115c2f92dc9ac683d139d0900","complete-byte-read-and-line-inventory"
"packages/contracts/prisma/schema.prisma","schema-and-migration","38721","861","b83be0b9357daa3af4f3e33d99daab89720cd9e6b289439166a60541ad8b66b9","complete-byte-read-and-line-inventory"
"packages/contracts/scripts/verify-empty-migration.mjs","configuration-and-assets","9083","221","be196f168b0d30e2fa392838ad953c95e89ad9cc9a3a0d6df5b80d72e6788605","complete-byte-read-and-line-inventory"
"packages/contracts/scripts/verify-env-example.mjs","configuration-and-assets","8570","191","03cbe5286ddde7c8e3bac38eaddefe977a10156097639a0e3bf406a762c24112","complete-byte-read-and-line-inventory"
"packages/contracts/scripts/verify-existing-baseline.mjs","configuration-and-assets","10189","241","bf01f0ab30b969c3f5a2496394b69a2e8ed4793717e07a0704b40bbb1bd1256c","complete-byte-read-and-line-inventory"
"packages/contracts/src/agenda.ts","implementation","1367","59","2fee3c74a4586a039fb6717f450e546a7f23bc75cedda5baf31495c3ed19936b","complete-byte-read-and-line-inventory"
"packages/contracts/src/edit.ts","implementation","388","16","3e51087c6f43d5170688327a265b0665f2490bebe041e616b12c532840ffae3f","complete-byte-read-and-line-inventory"
"packages/contracts/src/index.ts","implementation","151","6","22d37698a298e3f6a741ca31d12db38986bba94541f38e0b64ce065aeae3a2d5","complete-byte-read-and-line-inventory"
"packages/contracts/src/presentation.ts","implementation","1184","66","980031a77c93357b904b7be1b52e9b2833e10b0af8dbe71b9fd9eabdcd19b8b5","complete-byte-read-and-line-inventory"
"packages/contracts/src/types.ts","implementation","2287","110","3b2cbb0df0125d55c95a7da258aba32b2ee8d344f35d5e9bae481d8c9f68267d","complete-byte-read-and-line-inventory"
"packages/contracts/tsconfig.json","configuration-and-assets","423","19","ad3e18d7ffbfc0d5593468ceaff303aa16a1d6b9071bca1495529bc3e7aaa250","complete-byte-read-and-line-inventory"
"packages/domain/package.json","configuration-and-assets","590","27","80a1e127a02d815115ee1f0f9c832aafe69451bda85f9f5e20d0ab99ca6886c2","complete-byte-read-and-line-inventory"
"packages/domain/src/index.ts","implementation","188","7","516228a1a8ac953dfc8fbb417baaae10470d8bffb3c0be45fd50c5c5c1e9849c","complete-byte-read-and-line-inventory"
"packages/domain/src/trusted-clock/index.ts","implementation","222","7","11bffdd652524aee74cc5c9336443743aecb3d9dae2a4a84edf85c066cbb889d","complete-byte-read-and-line-inventory"
"packages/domain/src/trusted-clock/teacher-time-context.ts","implementation","1557","42","bccf29ca78644d59afb4eb6af90231b9468a7deef4c4e6128b79b707ce5b2450","complete-byte-read-and-line-inventory"
"packages/domain/src/trusted-clock/types.ts","implementation","156","6","254652d847e87599b0dbbbefea075f0367acda2c209b34004f4dd06f81405b21","complete-byte-read-and-line-inventory"
"packages/domain/test/teacher-time-context.test.mjs","test-and-fixture","1078","30","53f5ae44584635e51c270d5894716d0903fbe8aae257a197a51f5b34029b3e5d","complete-byte-read-and-line-inventory"
"packages/domain/tsconfig.json","configuration-and-assets","208","15","927905c29e40709f337c62fed421d080ed94c811f95162a7fff77289b5014206","complete-byte-read-and-line-inventory"
"packages/frontend/index.html","configuration-and-assets","332","13","f5b178d218e29a0b4ff34e6b4a6455a685fab196afd57438efd756e4d0159ac9","complete-byte-read-and-line-inventory"
"packages/frontend/package.json","configuration-and-assets","759","31","bd7738ba209cf245cd89bee782620d70f1fd2fbdad86b871393df3ff8369561b","complete-byte-read-and-line-inventory"
"packages/frontend/src/api/agenda.test.ts","test-and-fixture","3626","125","551a8831ff1b226a32d12b0b73863201cdd70eb3e37bc3d2815926ecb539b8ea","complete-byte-read-and-line-inventory"
"packages/frontend/src/api/agenda.ts","implementation","691","24","ccaf18da69c54e5e92c92b9921e3b3e3a05d1671f72d7ff09785ee23fd1d80f0","complete-byte-read-and-line-inventory"
"packages/frontend/src/api/ai-input.ts","implementation","349","12","83a061eb3b4b62345715c54053c8db97379efe30d4a1798cc6d30c3b7da7848c","complete-byte-read-and-line-inventory"
"packages/frontend/src/api/auth.test.ts","test-and-fixture","4726","126","44afb15cc589a0fe8e74a0f7bc614719fb99bb770dce9aa657b6076f6ee2698a","complete-byte-read-and-line-inventory"
"packages/frontend/src/api/auth.ts","implementation","1254","47","78711a8543bc2c09a39dad536ad0e6d1aa7c3ccfad16c053eab872c79e529198","complete-byte-read-and-line-inventory"
"packages/frontend/src/api/captures.ts","implementation","2427","86","3114be05e98a5436521ccdf8a6dc8524d7b77e28d684da2c90685a3213738711","complete-byte-read-and-line-inventory"
"packages/frontend/src/api/client.test.ts","test-and-fixture","4736","119","24ab016f1985e3f5279832b6e401a8327b0e93823da0af157692a5c21ed88552","complete-byte-read-and-line-inventory"
"packages/frontend/src/api/client.ts","implementation","4411","132","e7216602520d2f2a71d5089d036b4c01179e3439f1c97d19ec7945603685dc0c","complete-byte-read-and-line-inventory"
"packages/frontend/src/api/conversations.test.ts","test-and-fixture","5519","168","6b5afb96c5d59d9246629b7c57b4570e98c8a68bad87afaba04c73729a31bd15","complete-byte-read-and-line-inventory"
"packages/frontend/src/api/conversations.ts","implementation","7952","285","14e8303701a41414817d30a67705745054da4ee095b1c60306bf8e8af989ccc3","complete-byte-read-and-line-inventory"
"packages/frontend/src/api/daily-review.ts","implementation","361","11","5e54f705bebf1b1a7ed91bc26d223e1a3cbc02006db81b487b0f21d9ef042d16","complete-byte-read-and-line-inventory"
"packages/frontend/src/api/edit-modules.test.ts","test-and-fixture","4115","98","4491f3479a78e731548e9f4e308ae5e31ad32c962e0f8af826592ec180f28253","complete-byte-read-and-line-inventory"
"packages/frontend/src/api/feedback.ts","implementation","3913","148","4bf72c53aea7538481e4919e32a8ab7e94b4a18d0639825b8784f2b8a24dbe04","complete-byte-read-and-line-inventory"
"packages/frontend/src/api/index.ts","implementation","476","17","8c502d88e064bfa16f1d0cc4c9ca2e212cbc6ee0e8e169477aa45987e2e2a7ad","complete-byte-read-and-line-inventory"
"packages/frontend/src/api/lessons.ts","implementation","423","20","e5d2845281f6ecd245cfbc55d8c50b99a343e930a6f3c910c3428b2073943513","complete-byte-read-and-line-inventory"
"packages/frontend/src/api/memos.ts","implementation","382","20","1f1f79aab5f98d771b0406728b3f59b5cdeb9fe1c35663354636749de8b67c0e","complete-byte-read-and-line-inventory"
"packages/frontend/src/api/modules.test.ts","test-and-fixture","2646","66","66e7cba422cc4e7cb9c16050dc8ed864b9954e38ec69dc0bfbe971ead08df98a","complete-byte-read-and-line-inventory"
"packages/frontend/src/api/payments.ts","implementation","1233","44","deb9ff5dc484c13340c9f0a1ee46b2ec11f395f8545a2072553bf8741db2f5a2","complete-byte-read-and-line-inventory"
"packages/frontend/src/api/privacy.test.ts","test-and-fixture","8810","206","f1ef442ed44ba956254697adb7197fb523460dfead6a8594575190a870a2681b","complete-byte-read-and-line-inventory"
"packages/frontend/src/api/privacy.ts","implementation","5238","122","98efa82bf803df664c96dc896cafe9b513f48f5312e135fa37dbf39d85d7ea31","complete-byte-read-and-line-inventory"
"packages/frontend/src/api/providerConfigs.test.ts","test-and-fixture","5782","170","f1fa2341fa6b5b4d6c53820391cbb8a495016c68b9f4529d26728f98dcff3afa","complete-byte-read-and-line-inventory"
"packages/frontend/src/api/providerConfigs.ts","implementation","2866","94","961cd142e16e4d5addc1bda15a461937b92c33f646085e230cbef69264b02230","complete-byte-read-and-line-inventory"
"packages/frontend/src/api/requirements.test.ts","test-and-fixture","3701","111","c6b4787cd7f6f1a38efb94c60a24e7a8967e31719534d6dbc11a0cfd45ffd8dd","complete-byte-read-and-line-inventory"
"packages/frontend/src/api/requirements.ts","implementation","2894","91","01365ded22978a6a0dabb059323aa369a14abf1780fb3c6a0471611cbb2f89c4","complete-byte-read-and-line-inventory"
"packages/frontend/src/api/schedules.ts","implementation","1999","65","945d8e67ea5f3aa56830d578e3f2e1b1e4851c0cfd78fb0e9d96713de663adbc","complete-byte-read-and-line-inventory"
"packages/frontend/src/api/students.ts","implementation","3444","130","f09cc6abe7562152eb2eb7aa2111122c7155694d66a7fae89cbbfefdf13a7b37","complete-byte-read-and-line-inventory"
"packages/frontend/src/api/types.ts","implementation","9893","449","39fa848833236013baecd5ec6eaf68ff2f359a83797e2c8c41c916800eacf969","complete-byte-read-and-line-inventory"
"packages/frontend/src/app/App.test.tsx","test-and-fixture","8995","224","9b38db0dc6c04fe779d06cf79e8903309491605faba0be9fae957f6f2080de7e","complete-byte-read-and-line-inventory"
"packages/frontend/src/app/App.tsx","implementation","7798","187","dfdaf605e1dec4387b4b5c2d756d0439b9902c3037324101170085863ba46419","complete-byte-read-and-line-inventory"
"packages/frontend/src/app/AppShell.mobile.test.tsx","test-and-fixture","2810","70","a1b56981beae05293a10cab53ff23bd3bea159bfe6ecdf07b5165152f38038be","complete-byte-read-and-line-inventory"
"packages/frontend/src/app/AppShell.test.tsx","test-and-fixture","2875","71","fe2a581f5b0b0e043171d40134a48022fdb576426ac0e4fb03a1dea98e4bb895","complete-byte-read-and-line-inventory"
"packages/frontend/src/app/AppShell.tsx","implementation","11582","337","f8e33622f2d83e59b142d26a2c060b4d6baeff59943967e81f94d6dc313a8cd3","complete-byte-read-and-line-inventory"
"packages/frontend/src/app/mobile-shell.css","implementation","4530","220","24fc72d257ee0c239bf5c831323477f3427d7e35445b4b0bd34b8e1774e6a3fd","complete-byte-read-and-line-inventory"
"packages/frontend/src/app/routes.test.ts","test-and-fixture","5934","127","52a6f3124bd3ecf15750c22cf2c9344ce7a0d905feef886565d6bd219fc1485b","complete-byte-read-and-line-inventory"
"packages/frontend/src/app/routes.ts","implementation","5279","149","d72b01c6d7785592a7966705a49ba3554251de598d250b015129b19d6e8e54e5","complete-byte-read-and-line-inventory"
"packages/frontend/src/app/teacher-context.test.tsx","test-and-fixture","5894","162","c9faed2a407d8924e02b5e3e1cf1649c12b9d2a479375a30efa6d049297831c9","complete-byte-read-and-line-inventory"
"packages/frontend/src/app/teacher-context.tsx","implementation","3274","113","3f911da79aef9f74e8b4d7d2ce447dcfafd219a954e28f6fd8096f42e577b854","complete-byte-read-and-line-inventory"
"packages/frontend/src/features/agenda/a4-agenda-ui-boundary.test.ts","test-and-fixture","2566","72","308ef2a8a7126cfa2c8f1073027dbcee24ac13f676c0aafa84bbea4736537784","complete-byte-read-and-line-inventory"
"packages/frontend/src/features/agenda/agenda-time.test.ts","test-and-fixture","3869","101","c81493039387412e2b9b395feca0b67f6828af0773a9d6362a009859237657bb","complete-byte-read-and-line-inventory"
"packages/frontend/src/features/agenda/agenda-time.ts","implementation","184","9","1b6293f9d8721a9a87664f158a93b73ed825bb67fb4edd2f3455f960a2bac09b","complete-byte-read-and-line-inventory"
"packages/frontend/src/features/agenda/agenda-view-model.test.ts","test-and-fixture","5048","129","6c2167425947e215d13fbd193040d8fea36860a44fe5620444cc8fece5c1e154","complete-byte-read-and-line-inventory"
"packages/frontend/src/features/agenda/agenda-view-model.ts","implementation","202","7","cd1e4b9b129a1e3f0d8734156fe0054ddf213b4cffca789e2ac6bea67acd52d9","complete-byte-read-and-line-inventory"
"packages/frontend/src/features/agenda/AgendaItemView.tsx","implementation","69","2","a36804f81ee5c3bf4ebda2f5c0cf230c2be0db179426bb12b9e4862c833c595f","complete-byte-read-and-line-inventory"
"packages/frontend/src/features/agent/agent.css","implementation","5920","340","8e44aba09aa5bc974462953fa08d187c5c3a359037e201f0870462f15b5f82cc","complete-byte-read-and-line-inventory"
"packages/frontend/src/features/agent/AgentErrorCard.tsx","implementation","977","33","a16ba804ce625add8a0901098bd2a921a27b6925ec9cc067a2c41ecbcbbfdec3","complete-byte-read-and-line-inventory"
"packages/frontend/src/features/agent/AgentPage.e2e.test.tsx","test-and-fixture","6042","160","b22528c621fc591cd8fdea0c42de930a069c244d879d08233959a6689c12d188","complete-byte-read-and-line-inventory"
"packages/frontend/src/features/agent/AgentPage.test.tsx","test-and-fixture","15157","345","87407b6fa7cb0a8c1df5f50460db6873e12a2e719fedb7a149497608c373b975","complete-byte-read-and-line-inventory"
"packages/frontend/src/features/agent/AgentPage.tsx","implementation","6258","163","552264c126ad66f8a7eb8dafb9189e3702e1a4646d00ace508fa2a1e6c6effc5","complete-byte-read-and-line-inventory"
"packages/frontend/src/features/agent/AgentTodayContext.test.tsx","test-and-fixture","5868","161","5d53b74f01a0f35ed57ec5a3312dfa83434cb0de1b55186364625bbf62e52c41","complete-byte-read-and-line-inventory"
"packages/frontend/src/features/agent/AgentTodayContext.tsx","implementation","4311","138","2e9f02147e55f2e0d1df3baab2e9ce1a31cccc2f659fb2a46ea2fd4476630596","complete-byte-read-and-line-inventory"
"packages/frontend/src/features/agent/confirmation.css","implementation","2946","159","cf3e223c3410f7862eb9238482c144b7c001aec8241bf7a429dd474b02edf715","complete-byte-read-and-line-inventory"
"packages/frontend/src/features/agent/ConfirmationTurnCard.test.tsx","test-and-fixture","6176","160","0586ecf014384d099e6c9289a261ff0066270b7a5045dce37b039ec2ff25462d","complete-byte-read-and-line-inventory"
"packages/frontend/src/features/agent/ConfirmationTurnCard.tsx","implementation","3746","111","2bc62413b07883cf7ba197bb81c367fbdc78e0d258eca9a577475982142c330e","complete-byte-read-and-line-inventory"
"packages/frontend/src/features/agent/index.ts","implementation","104","3","3c29ff5e67b6afcfeb323b1a4e7c595c9e7c037bd8dd805dab5e7ecbfdcf70f4","complete-byte-read-and-line-inventory"
"packages/frontend/src/features/agent/ObjectReferenceLinks.tsx","implementation","855","30","f15154d469f2ba747dd521e3cc1da4e1fed9a7d48e24c90cf253aea2f45b57bf","complete-byte-read-and-line-inventory"
"packages/frontend/src/features/agent/presentation-routing.test.ts","test-and-fixture","1908","50","52b21524c0412b541bd99739f663c5fae74b72daccf2f3edf8bfe1c8f0cd0805","complete-byte-read-and-line-inventory"
"packages/frontend/src/features/agent/presentation-routing.ts","implementation","120","5","275dfce23ff2d1e330545b6e0601c9de4ccb42ad330d12a40d1f84899a1597d2","complete-byte-read-and-line-inventory"
"packages/frontend/src/features/agent/PresentationDocumentView.test.tsx","test-and-fixture","4008","99","88468a746c93bce9240b71f090c00e8790d2a84eebac4599f38ecc42566defc7","complete-byte-read-and-line-inventory"
"packages/frontend/src/features/agent/PresentationDocumentView.tsx","implementation","3702","133","41cb858588fa06818d603b589d948df144f9c839e0ee872a14fe8f2a9c924e3a","complete-byte-read-and-line-inventory"
"packages/frontend/src/features/agent/ToolTurnCard.tsx","implementation","1925","64","7ae2662b5c2484c398f059009c3946faa3a7bdd4696ccf9cac317b7daf616517","complete-byte-read-and-line-inventory"
"packages/frontend/src/features/agent/TurnList.test.tsx","test-and-fixture","8818","221","c7d0bd76436562b56541c783b406e27aadd8b9ecfe54154872cde1a69849be4a","complete-byte-read-and-line-inventory"
"packages/frontend/src/features/agent/TurnList.tsx","implementation","3307","96","870ccf7bb74e36a0d45b54c42ca292a81b0c312caa69f5cc9ed1b0a59973e756","complete-byte-read-and-line-inventory"
"packages/frontend/src/features/agent/turns.css","implementation","5224","302","9bea913a030223274db392eb867f0f83465bcf82bf9acd997c7ebb94bf54acda","complete-byte-read-and-line-inventory"
"packages/frontend/src/features/agent/useAgentConversation.ts","implementation","12133","339","6fcf81f2694c4311df209f87b0fd4d1a6dde9a58fb4fced36158aee0c7d7a9af","complete-byte-read-and-line-inventory"
"packages/frontend/src/features/ai-input/ai-input.css","implementation","1333","83","fdc767bea2d35c9f92875ae73e61802c88f387c491f061a156d0b90b81f94e05","complete-byte-read-and-line-inventory"
"packages/frontend/src/features/ai-input/AiInputPage.test.tsx","test-and-fixture","3602","40","d6d58bf27147c63ba17e04bffcfe41e73787c19f4a6ea7787c37130aabd6e63d","complete-byte-read-and-line-inventory"
"packages/frontend/src/features/ai-input/AiInputPage.tsx","implementation","4486","59","766604d2c537cc3c37a0d03a0b31e52524586ab8fbe84e437e07a5de76e89d2b","complete-byte-read-and-line-inventory"
"packages/frontend/src/features/ai-input/draft.test.ts","test-and-fixture","1346","44","e13380124e88de54f90418d30548ad3301c10413f2401832d0b1ea52abc849d2","complete-byte-read-and-line-inventory"
"packages/frontend/src/features/ai-input/draft.ts","implementation","1788","13","01d759d3edfc458c86d6075b77688294784dade2cb282ac7d63a76ccf5270a21","complete-byte-read-and-line-inventory"
"packages/frontend/src/features/ai-input/index.ts","implementation","45","2","ed27172f7b0bca21b92e2986d4361efcd434bea178fa7ccdeedf412bd0516f0b","complete-byte-read-and-line-inventory"
"packages/frontend/src/features/auth/auth.css","implementation","2081","107","52d8b34cf87c047e4dc257429a7756363d71f30c4294734ccbf4875cca5fe3fc","complete-byte-read-and-line-inventory"
"packages/frontend/src/features/auth/AuthLayout.tsx","implementation","940","31","672946014a4c52f75e1ffcb9aa38c270b8d5f1664d9b0b6fa8543d66049674d7","complete-byte-read-and-line-inventory"
"packages/frontend/src/features/auth/LoginPage.test.tsx","test-and-fixture","4303","99","cb24d572cda602adbeecdf7843ff7592a492c1c419c7e91ff7436f6cbdd19e29","complete-byte-read-and-line-inventory"
"packages/frontend/src/features/auth/LoginPage.tsx","implementation","2828","84","1b77921ae732d50f3fb9e952f5952ee57dc63411ae2ac3fc18bba0f86638a8ab","complete-byte-read-and-line-inventory"
"packages/frontend/src/features/auth/RegisterPage.test.tsx","test-and-fixture","1987","41","372e1fae6f57a90b23eee3829821ea37fbedb9bb16a67cd66dd7b1ccaf745e86","complete-byte-read-and-line-inventory"
"packages/frontend/src/features/auth/RegisterPage.tsx","implementation","4358","116","ba1e2d23d29a96bef2f7e7a089a168421709ff798b897ec7587224f030a1c2ad","complete-byte-read-and-line-inventory"
"packages/frontend/src/features/capture/capture.css","implementation","1281","15","35eaa4eeb9689c6eeab6b2f235c320f9a5f5a7e8a711532e23f28f9ff2a6fa86","complete-byte-read-and-line-inventory"
"packages/frontend/src/features/capture/CaptureReviewPage.test.tsx","test-and-fixture","6963","140","4bd3a504baf85f9a8be89d652a308de1017af1d1f6bfb104c2b81df4b4e8baf3","complete-byte-read-and-line-inventory"
"packages/frontend/src/features/capture/CaptureReviewPage.tsx","implementation","8997","99","7b223e353d7ed6fecbf8978d4ea0b4653537b3bba53b0cb8a35d820a739a689d","complete-byte-read-and-line-inventory"
"packages/frontend/src/features/capture/index.ts","implementation","57","2","7d4ee9a3456c375e0aaf6b7d2152fe0c783e66303e60e641c89a501c38e949cb","complete-byte-read-and-line-inventory"
"packages/frontend/src/features/daily-review/daily-review.css","implementation","1306","88","d57df50994c32e7184df130e4f2689249a3c3e451cddb67a95fb31569445d99a","complete-byte-read-and-line-inventory"
"packages/frontend/src/features/daily-review/DailyReviewPage.test.tsx","test-and-fixture","4240","101","3a92bf396259699a25e0a50d8624d2f0b310be74440347ed04c30fbbfc3f806b","complete-byte-read-and-line-inventory"
"packages/frontend/src/features/daily-review/DailyReviewPage.tsx","implementation","6039","170","9ff0799ae4c55f29b89cb31a3083970d907c269ec149de10027623cec48b437a","complete-byte-read-and-line-inventory"
"packages/frontend/src/features/daily-review/index.ts","implementation","53","2","2a00f5c40e6ddd74c3ce46bb7749ff6db06f479463feca10ede5e6d0c52597a9","complete-byte-read-and-line-inventory"
"packages/frontend/src/features/dashboard/dashboard.css","implementation","2017","115","3efd13ded4ae11f1bc3ea98403505931120e19fa9ed5a9f259909ba2bf8f0d44","complete-byte-read-and-line-inventory"
"packages/frontend/src/features/dashboard/DashboardPage.test.tsx","test-and-fixture","11845","300","e2d37ccd2f8394f74475df77bd5f7c4cfc65217fc2f5eac8f577cfe2380524ce","complete-byte-read-and-line-inventory"
"packages/frontend/src/features/dashboard/DashboardPage.tsx","implementation","4127","137","3526ae65c6394817f7545e0c126a0da69eab4722d8f36980190c30d418ea8b79","complete-byte-read-and-line-inventory"
"packages/frontend/src/features/dashboard/desktop-today.css","implementation","8437","495","ca10101186d86abfa57ea8848b8639575387870d5eb7821b713ab50b70e2529d","complete-byte-read-and-line-inventory"
"packages/frontend/src/features/dashboard/DesktopTodayView.tsx","implementation","15518","358","53580d8d9acbb330094da80e87c03a1a8dad0b34f41d5cf019bd7e68c66e33eb","complete-byte-read-and-line-inventory"
"packages/frontend/src/features/dashboard/mobile-today.css","implementation","6932","383","0722598ae40f21beac8c1856c3f1932bc59f546fa1eb1128e275ae45c858796c","complete-byte-read-and-line-inventory"
"packages/frontend/src/features/dashboard/MobileTodayView.test.tsx","test-and-fixture","4932","129","58b28e606293818846ac629ab211df420a70b65f52ae261a1617af32bbceebe6","complete-byte-read-and-line-inventory"
"packages/frontend/src/features/dashboard/MobileTodayView.tsx","implementation","11820","304","fdeff8c604e22dc9e78ed38bf8a59bdedaffe96a5a462049680eff1ec1f9297d","complete-byte-read-and-line-inventory"
"packages/frontend/src/features/feedback/feedback.css","implementation","6180","387","2e4816040eb31eb6389bf5913be90a11b45968d7c972027766262f728da74188","complete-byte-read-and-line-inventory"
"packages/frontend/src/features/feedback/FeedbackPage.test.tsx","test-and-fixture","20538","514","53b919ee366b047d600565bfb3159a4a492b9be827c52102391325a04a980e7d","complete-byte-read-and-line-inventory"
"packages/frontend/src/features/feedback/FeedbackPage.tsx","implementation","18017","499","3239bdb64ffbdef4125bc90475a00a4f4bea2fd2424ba269232d550024cb233a","complete-byte-read-and-line-inventory"
"packages/frontend/src/features/feedback/index.ts","implementation","47","2","6ffaccf7d498f50ea94ce5f5a54630200be939318e276d66ce5bea45e24a4a56","complete-byte-read-and-line-inventory"
"packages/frontend/src/features/llm-config/index.ts","implementation","49","2","b492fdd07a497ecf9aa2029c8b9ad0f2599d6bd53b82aaa8016eff82dae7cd81","complete-byte-read-and-line-inventory"
"packages/frontend/src/features/llm-config/llm-config.css","implementation","10882","564","22729765d4aaae0e2ec6a1f77c754c7bb2b423fe306717e7ad77cb659c610049","complete-byte-read-and-line-inventory"
"packages/frontend/src/features/llm-config/LlmConfigPage.test.tsx","test-and-fixture","21425","457","21af9a573859a70d374dfb32cb986d67562a792bacf3a74fc339a91f97a4211f","complete-byte-read-and-line-inventory"
"packages/frontend/src/features/llm-config/LlmConfigPage.tsx","implementation","27777","814","76e840163e71054f40bdbaff68fd637b64d269abaeffba3de783fd95977cef1d","complete-byte-read-and-line-inventory"
"packages/frontend/src/features/llm-config/test-history.test.ts","test-and-fixture","3461","86","7b8bff6f8713f74515cd21a28399cf3d85e64df4eeff24d3ad03454802d4d104","complete-byte-read-and-line-inventory"
"packages/frontend/src/features/llm-config/test-history.ts","test-and-fixture","3013","86","b584a10beae061b1954a606f37af96045c122a6c54789e9e479ac778e0260f75","complete-byte-read-and-line-inventory"
"packages/frontend/src/features/llm-config/usage-window.test.ts","test-and-fixture","2626","60","567f82d8360145097b1567b70b87e7251c9fde089486791ebbb88ec5285005ae","complete-byte-read-and-line-inventory"
"packages/frontend/src/features/llm-config/usage-window.ts","implementation","2531","79","2d665d17d62216bde6d55c6e2a87a89b432019bbe97b09df5270cb919c8c6af9","complete-byte-read-and-line-inventory"
"packages/frontend/src/features/payments/payments.css","implementation","2930","156","30f49ff312c8d5e7f25e2be130eaee6fbb55853509a24736fb70f595425a23de","complete-byte-read-and-line-inventory"
"packages/frontend/src/features/payments/PaymentsPage.test.tsx","test-and-fixture","6933","165","2971ac6ccb834f01cc48a96f5f4cabe1b695faae720e7b3a48aba9fa3e2a1b38","complete-byte-read-and-line-inventory"
"packages/frontend/src/features/payments/PaymentsPage.tsx","implementation","10450","281","ed529bb7dcc82582c3cf2e0994a6adae9f75958b835d1c40451787095a8c223e","complete-byte-read-and-line-inventory"
"packages/frontend/src/features/privacy/index.ts","implementation","45","2","1d0d585748e9a75acacb5be27bb13e6892a93fb64a62d1a45315a7cbf83cc968","complete-byte-read-and-line-inventory"
"packages/frontend/src/features/privacy/privacy.css","implementation","3162","163","47098fb38aebe4334d772be7b17436e15430f750de39fa36577f593a2af97efc","complete-byte-read-and-line-inventory"
"packages/frontend/src/features/privacy/PrivacyPage.test.tsx","test-and-fixture","19904","394","61999cbc9a27636e21d1fe906746555386239d6e34be60e7379620f51465ff77","complete-byte-read-and-line-inventory"
"packages/frontend/src/features/privacy/PrivacyPage.tsx","implementation","14836","337","52ec2a5699518ad2dc9b50c9af998d253f1e2050f24da02a6a9be51f10d94eb3","complete-byte-read-and-line-inventory"
"packages/frontend/src/features/schedules/schedules.css","implementation","7338","387","5c0336c4a5fd44c7f3a23a34ea89de6f3f2be31cf976b59901bd72d96d999283","complete-byte-read-and-line-inventory"
"packages/frontend/src/features/schedules/SchedulesPage.test.tsx","test-and-fixture","16238","323","805e7da0d6f4fea20599448259e965fc89ec3ed62167cbd966a67029ad754d7b","complete-byte-read-and-line-inventory"
"packages/frontend/src/features/schedules/SchedulesPage.tsx","implementation","14783","343","da4fbc6bb0fb5da95b9543c4e56f735df947334d2619a37b453dc5cd86d731f6","complete-byte-read-and-line-inventory"
"packages/frontend/src/features/schedules/week-schedule.test.ts","test-and-fixture","6710","203","d109085cf2d6e536ed15cb36210d77fd97026d17f1155cded6aaf4c8c3977c4b","complete-byte-read-and-line-inventory"
"packages/frontend/src/features/schedules/week-schedule.ts","implementation","6269","190","89aa9c5e7aa49720772325667b76289be8894b5557e427819203eb7527dc3920","complete-byte-read-and-line-inventory"
"packages/frontend/src/features/schedules/WeekScheduleView.mobile.test.tsx","test-and-fixture","6472","180","0edf5714eea8fa6bd2eac227c3d5fe1bec92afee8e4400b1b65ee528db950594","complete-byte-read-and-line-inventory"
"packages/frontend/src/features/schedules/WeekScheduleView.test.tsx","test-and-fixture","10386","290","421854bb012fafb3ebef29cfe5c940c13d935cb01528722773992449b1828b9f","complete-byte-read-and-line-inventory"
"packages/frontend/src/features/schedules/WeekScheduleView.tsx","implementation","14950","443","f0386b571910b9cb51e9f5468fac347f392edc12d2f06e0a9afcba4d9f4e2929","complete-byte-read-and-line-inventory"
"packages/frontend/src/features/students/index.ts","implementation","47","2","00d44f4425ce8e79aaf8d17f879235c0024c06b29f2b7d1b8d9157824c70bb8e","complete-byte-read-and-line-inventory"
"packages/frontend/src/features/students/student-detail.css","implementation","8280","543","60bcc34a46bf1cfb1c36113707e580dde40a3f777c4f919a26e432c2543d001b","complete-byte-read-and-line-inventory"
"packages/frontend/src/features/students/StudentDetailPage.test.tsx","test-and-fixture","29021","858","f3ff6c26a305fa1a4ea6a82f646a2df179f778e45c79f3ef3f67a65e892ca999","complete-byte-read-and-line-inventory"
"packages/frontend/src/features/students/StudentDetailPage.tsx","implementation","26403","821","ae9983ed0f0df5d7ca6bf63b92419d23e4a4b31fb315900a6c90f3aa2b473fd1","complete-byte-read-and-line-inventory"
"packages/frontend/src/features/students/students.css","implementation","4092","250","3d77734e03c5ce543b6dbddcfb922efd9de742931e5479bbbf05f5eb390d5116","complete-byte-read-and-line-inventory"
"packages/frontend/src/features/students/StudentsPage.test.tsx","test-and-fixture","11872","266","ef4dbc428bedd951bb431e2be8459edda3102fc9c7cd990d2655bf437d95b521","complete-byte-read-and-line-inventory"
"packages/frontend/src/features/students/StudentsPage.tsx","implementation","11999","336","84a34805882e9496d96e9f0e519a64893aeceff62fa160c1227f5ebf73ce8965","complete-byte-read-and-line-inventory"
"packages/frontend/src/features/user-feedback/user-feedback.css","implementation","4370","221","b524664a7e6e338bb37e998439b6041caddf5a1038c68af29b6f087ae8d11260","complete-byte-read-and-line-inventory"
"packages/frontend/src/features/user-feedback/UserFeedbackPage.test.tsx","test-and-fixture","8391","181","6353cb33b3ee02d84cfe9ee150334f0ab0f135cd0440a1de1e10c9f37246d088","complete-byte-read-and-line-inventory"
"packages/frontend/src/features/user-feedback/UserFeedbackPage.tsx","implementation","14734","378","7103760c22cb6aff3e89d128c06bbcabd6245c152d36fb4034cfffcc553096a5","complete-byte-read-and-line-inventory"
"packages/frontend/src/main.tsx","implementation","424","20","406c42d46e27c122b85ece4222afb5ce1f53854e995d3320a01579e50a458ebc","complete-byte-read-and-line-inventory"
"packages/frontend/src/shared/agenda/agenda-time.ts","implementation","2908","95","fc77c9b1de5b7a9264a21dfc4cf27a74c951496942bf3a1d063a51988ffa5141","complete-byte-read-and-line-inventory"
"packages/frontend/src/shared/agenda/agenda-view-model.ts","implementation","1657","61","962c1df2c4dab736d63482f365f619dd09a43ca92ce9f4ac4592007befefe997","complete-byte-read-and-line-inventory"
"packages/frontend/src/shared/agenda/agenda.css","implementation","1257","69","d1e10fcb0267c2043f2f1c09c07e62006e7d70b5b315228f0f7b590203a03e03","complete-byte-read-and-line-inventory"
"packages/frontend/src/shared/agenda/AgendaItemView.tsx","implementation","3139","91","a4e839da622a53178933698f1f03785265c2672aed129f9648561e13e868d52d","complete-byte-read-and-line-inventory"
"packages/frontend/src/shared/agenda/lesson-display.test.ts","test-and-fixture","1868","65","40f47914073e660410b04be1cdb2a941aa83fa57d0a3b53c169b0ac818276504","complete-byte-read-and-line-inventory"
"packages/frontend/src/shared/agenda/lesson-display.ts","implementation","1039","33","017907cbedb1ceca38a88e133bbc6e0f59ad1f237b5bf58dd6e549b44dde4e8e","complete-byte-read-and-line-inventory"
"packages/frontend/src/shared/course-schedule-fields.test.tsx","test-and-fixture","1830","52","2cccf0970efcc3271bcc7368a10d4dd264b22668435d0b1b2b572f4117e09ed6","complete-byte-read-and-line-inventory"
"packages/frontend/src/shared/course-schedule-fields.tsx","implementation","2193","53","5c81ab59a6ed32bf43695cf4121bab3b2594c463e662ce04bec87198586388c9","complete-byte-read-and-line-inventory"
"packages/frontend/src/shared/date-format.test.ts","test-and-fixture","670","21","40f4355792e0e5b164339262ab1bbb60a9edfddd8803b036cd3d9c7ab51338f0","complete-byte-read-and-line-inventory"
"packages/frontend/src/shared/date-format.ts","implementation","1348","53","c58c9796b5b62ccc609cdd84d51c749b0d21f07a182de7d5ea16971cfc674224","complete-byte-read-and-line-inventory"
"packages/frontend/src/shared/display-labels.ts","implementation","1344","56","88124af1a9080c9402519b00575ad5f72db9e1672dfd5efb93b820157e7f1daf","complete-byte-read-and-line-inventory"
"packages/frontend/src/shared/moderation-flag.css","implementation","859","48","9f2851cda660bfc83efc97545b03e7adf9ba29a58e32b60a07764fb9e9a2086a","complete-byte-read-and-line-inventory"
"packages/frontend/src/shared/moderation-flag.tsx","implementation","1332","41","4b7984b48e2e3f0bd1370b0cbaad1b64fd62dce7ac76b905e9f2b81e03db7221","complete-byte-read-and-line-inventory"
"packages/frontend/src/shared/number-format.ts","implementation","372","15","30e6d7a412553bc129b961a6b7b486b3562809ed01777ff59ac3ea9b48c5a73d","complete-byte-read-and-line-inventory"
"packages/frontend/src/shared/object-reference-routing.test.ts","test-and-fixture","3377","91","651388ee273ce2ba331c51ceadc0e41986fc022077fff6ccb3efdcf04c35c219","complete-byte-read-and-line-inventory"
"packages/frontend/src/shared/object-reference-routing.ts","implementation","1412","44","43c95623e5203f5b35fdb078496c82e0c583b163fa86cebce7218cb7c20dbc48","complete-byte-read-and-line-inventory"
"packages/frontend/src/shared/use-mobile-layout.ts","implementation","736","26","c2dda6cde88fe1811d0d67381b89a65440666d00143f038f1728a98cc6524822","complete-byte-read-and-line-inventory"
"packages/frontend/src/styles/globals.css","implementation","5343","346","a209104cf0abb12c7ba8fba3eb1175dc488a98c3e8dbe70a175630976b0e56d5","complete-byte-read-and-line-inventory"
"packages/frontend/src/styles/patterns.css","implementation","3506","169","ba9edd27518ae454ad8364b78fc4013b3f3192f269ae1eafbb738c60a1928864","complete-byte-read-and-line-inventory"
"packages/frontend/src/styles/responsive-boundary.test.ts","test-and-fixture","5065","113","c91fdfa7d8f67ed8b38359a971997e12c1e856420edf4d86bfaadd3c7b0904b5","complete-byte-read-and-line-inventory"
"packages/frontend/src/styles/theme.css","implementation","731","25","aa1c477a280de890ccca05c5aff4574c4d581cbff08efff27b120b5e2b29f3f1","complete-byte-read-and-line-inventory"
"packages/frontend/src/test/render-with-auth.tsx","test-and-fixture","1229","34","03b16e011291fc83c626f2a40672366d214fec95ba0082aeb1cb40d721508e42","complete-byte-read-and-line-inventory"
"packages/frontend/src/test/setup.ts","test-and-fixture","165","8","8d30e739aa417f39e0eb0dd06a8b63a65b1f80c36c6ba767d3e3bcac1a1a3e8b","complete-byte-read-and-line-inventory"
"packages/frontend/src/test/vite-config.test.ts","test-and-fixture","307","10","aeb194a02098953ca995e6bf0013c6e63812a106f9e2bd0f13269ce40061c538","complete-byte-read-and-line-inventory"
"packages/frontend/src/vite-env.d.ts","implementation","38","2","65996936fbb042915f7b74a200fcdde7e410f32a669b1ab9597cfaa4b0faddb5","complete-byte-read-and-line-inventory"
"packages/frontend/tsconfig.json","configuration-and-assets","527","22","a590c6d45eb6afa9fc72c39ad1553478382b809071ab7b88061b021063a6c2c5","complete-byte-read-and-line-inventory"
"packages/frontend/vite.config.ts","configuration-and-assets","364","19","135f7bfc2b772dc73ac78b3b121f9db23bdac9d4695cb2811312520389176a9c","complete-byte-read-and-line-inventory"
"packages/ops/lib/db-safety.mjs","tooling-and-ops","4108","90","c79174b3a42ba503d45e246041df355c44de93a7a888587ab6cb9bf0ea538c9e","complete-byte-read-and-line-inventory"
"packages/ops/lib/pg-utils.mjs","tooling-and-ops","6024","160","477bb22dcedea04dd97ed16e6b5f7c7b92cb4dc22e0ad2a02a5b4c0e256e075f","complete-byte-read-and-line-inventory"
"packages/ops/lib/retention.mjs","tooling-and-ops","4613","110","84aefc01f285fdeb85b9ebfa4d03797d60d35ffc02fdb99d3e5cdc44cf324e30","complete-byte-read-and-line-inventory"
"packages/ops/lib/s3-signer.mjs","tooling-and-ops","5316","139","f5381015c43fb58a82947b095705b56a207cc941258dc5e258559a56feb70237","complete-byte-read-and-line-inventory"
"packages/ops/lib/storage-backend.d.mts","tooling-and-ops","1497","","1d445ae3abf28778c9a720c83e4067d5db999c9dd32dd7c635433eff044f4514","binary-byte-read-and-hash-only"
"packages/ops/lib/storage-backend.mjs","tooling-and-ops","10581","265","cd88456a02b7731ca88456ec6a50244949d2e8e835c4362c5500c2790ea74f27","complete-byte-read-and-line-inventory"
"packages/ops/lib/testing/s3-mock-server.d.mts","test-and-fixture","605","","2cdf22cfd9d50f5f0cf299e7d6534f54b62c67477969ce811eb67863cb2f68ca","binary-byte-read-and-hash-only"
"packages/ops/lib/testing/s3-mock-server.mjs","test-and-fixture","12508","306","db4cb5d6eb50a7ddb307482ae70435cc3c8c7295ad2d16480a69249b93726a23","complete-byte-read-and-line-inventory"
"packages/ops/lib/zip-writer.mjs","tooling-and-ops","9533","254","f1835b05157b71bfd7cb5fac8947293ed74feea7b73ccfdd2b34664b0ddbf7d5","complete-byte-read-and-line-inventory"
"packages/ops/package.json","tooling-and-ops","773","19","e88afef13883bd9d00e0910dbdef58897eabab18be188b75bccd4765fd2be5cd","complete-byte-read-and-line-inventory"
"packages/ops/scripts/alert-check.mjs","tooling-and-ops","10341","258","f456da61aeb7804cc73dfdcc2d4985889af5bec8c47eabb8a85f0accce97e4a1","complete-byte-read-and-line-inventory"
"packages/ops/scripts/db-backup.mjs","tooling-and-ops","13821","343","31f07ab5f49312cb8820320ab790b355a85b2100809dac56ecfbaf9a0358651f","complete-byte-read-and-line-inventory"
"packages/ops/scripts/db-health-check.mjs","tooling-and-ops","5546","153","32feec4bb3cdba5623ce2c4d7cfb324f94f4f1c57d31226a8ec63da58c6f04a4","complete-byte-read-and-line-inventory"
"packages/ops/scripts/db-init-local.mjs","tooling-and-ops","2159","67","567e451b50d942ead81efbab684890da6b613f68665b3fcd68b45615fe3064e9","complete-byte-read-and-line-inventory"
"packages/ops/scripts/db-migrate-all.mjs","tooling-and-ops","3796","113","5d3153de675205793df19c22ac320672d5f9a7b8d8651558d355feee50d0b27a","complete-byte-read-and-line-inventory"
"packages/ops/scripts/db-provision.mjs","tooling-and-ops","5163","149","705d0dd32469987806ae8f0620e4aa5942fc6922042ae354e5324b9d76a0a284","complete-byte-read-and-line-inventory"
"packages/ops/scripts/db-restore.mjs","tooling-and-ops","11699","285","5fcda5ba4f57785788682bf87e167c6d75a28b653843a88966e21bb77b00f03b","complete-byte-read-and-line-inventory"
"packages/ops/scripts/deactivate-teacher.mjs","tooling-and-ops","15244","346","412ea6e5259274fa97a4a0007a5ac065850580cde7931fe3edd7f8976ee65b9e","complete-byte-read-and-line-inventory"
"packages/ops/scripts/export-teacher-data.mjs","tooling-and-ops","19232","411","7a3338da501e195f51eb2a24941e567f8f72ab16e3c8e84ec1a1815219c25a86","complete-byte-read-and-line-inventory"
"packages/ops/scripts/metrics-aggregate.mjs","tooling-and-ops","7463","183","7c2ee204cfce925732596fcecc5cc6d04e606daa64ed3b3fb36fe34815f19fba","complete-byte-read-and-line-inventory"
"packages/ops/scripts/run-tests.mjs","test-and-fixture","2063","56","772b7a05d93247c36d609a988c985a2943eafa3e3b1b9b4451da85e6058dc9cb","complete-byte-read-and-line-inventory"
"packages/ops/tests/alert-check.test.mjs","test-and-fixture","5827","143","63205d063861ecbae329298b957ab6511cd28d4fa6ed57620241ce6a1994f158","complete-byte-read-and-line-inventory"
"packages/ops/tests/db-backup.test.mjs","test-and-fixture","8002","192","495a696f630cad4178c1bc28406d666864e93180557979ae9da92e5618809ec6","complete-byte-read-and-line-inventory"
"packages/ops/tests/db-init-local.test.mjs","test-and-fixture","2987","85","cad60ca6be691d750eec9ed4884136f216fddbfea11cdd05b59600aec4c808e1","complete-byte-read-and-line-inventory"
"packages/ops/tests/db-restore-safety.test.mjs","test-and-fixture","1610","45","bcf7820bd3a38b6581d346edecdf30c469482a2d3fe457dd511083eb87309a5a","complete-byte-read-and-line-inventory"
"packages/ops/tests/db-restore.test.mjs","test-and-fixture","9970","222","014ee58ec8094a31b6036f9dae1168e264be85569f6f193a593d6ba8fa40cbae","complete-byte-read-and-line-inventory"
"packages/ops/tests/db-safety.test.mjs","test-and-fixture","3989","74","79e60dac1c785fb63c4af7c2bc9a2f2de33cda509f7d7dd5aaa6c4f3feba40c9","complete-byte-read-and-line-inventory"
"packages/ops/tests/db-tools.test.mjs","test-and-fixture","3438","91","456d402da0dc8590d507c3a1db1b84868113fbe552ebde6bc5207c3f0a05ec0a","complete-byte-read-and-line-inventory"
"packages/ops/tests/deactivate-teacher.test.mjs","test-and-fixture","16198","413","10e896e236c174dc7f9c41413156a44924f6ee2152aa39b9cf9936ab46fb00be","complete-byte-read-and-line-inventory"
"packages/ops/tests/export-teacher-data.test.mjs","test-and-fixture","25543","522","abaa4275b68a9a554c1f03ff228bec52e10858e17612ebce6e0ae54f7d025deb","complete-byte-read-and-line-inventory"
"packages/ops/tests/metrics-aggregate.test.mjs","test-and-fixture","4962","118","47252fe91c6b71f78cf78c7f8ff34a2fcad5e7046d97289c47f9d8fd8bda74a0","complete-byte-read-and-line-inventory"
"packages/ops/tests/pg-utils-portability.test.mjs","test-and-fixture","710","16","e991b3fe4704335d8b265199ab092b47321ced569d0a6fce8cacba7d25da5649","complete-byte-read-and-line-inventory"
"packages/ops/tests/retention.test.mjs","test-and-fixture","5528","128","112ba0884363e2ca58ee7fd3e6d9fcc10f6d941633c3aac99fcdbece697ab65c","complete-byte-read-and-line-inventory"
"packages/ops/tests/runtime-baseline.test.mjs","test-and-fixture","2310","54","bd63e8472339bb77384209948cbffe186f7df46e2493f39bbaafdf93c767ea3c","complete-byte-read-and-line-inventory"
"packages/ops/tests/storage-backend.test.mjs","test-and-fixture","12617","270","02a1c8f6d39939f85a5066b163ce12caa5e6296a6be85b2a9d4a6987ac1476da","complete-byte-read-and-line-inventory"
"packages/ops/tests/zip-writer.test.mjs","test-and-fixture","6910","145","167e243c5c27e92c07339336b39183c409d01e0833f58fa2f91799a428d3c7a0","complete-byte-read-and-line-inventory"
"PRODUCT-CAPABILITIES-V1.md","root-reference-document","17133","319","6ac7a1c433acc2d5b9dd342b963ec4daac79fb1a80c94120e9fdfd23f9f7d3f6","complete-byte-read-and-line-inventory"
"PRODUCT-CONTRACT.md","root-reference-document","13698","228","89e4fc1f1ce8585cee22d0e38f00200c705a4f58a77d5d94230f8ba69a597455","complete-byte-read-and-line-inventory"
"PRODUCT.md","canonical-facts","18646","222","8c3e81bfe31063de3df29112eb9b47d852054ad0211de8f2706624e9baf08137","complete-byte-read-and-line-inventory"
"PROJECT_LOG.md","canonical-facts","80388","488","cb9197216e13afad11f192d7752f51f78f23fd69e6c6094bbcf096dd603ab7ca","complete-byte-read-and-line-inventory"
"README.md","root-reference-document","4176","50","f85a11c1602573e0c029d15c72fa90bd43b489a226c40f0b145e24dd0ed34900","complete-byte-read-and-line-inventory"
"REFACTOR-ROADMAP.md","root-reference-document","8940","199","578113703cabc86b3cd48eb5aff0c296c8e83ae9d53b9622beec802ad7a65189","complete-byte-read-and-line-inventory"
"scripts/check-file-size.mjs","tooling-and-ops","2441","85","baecbb2f40c03f90022feba1e568652f0fa21c90af2c5b8b1f2bf0874b60750e","complete-byte-read-and-line-inventory"
"scripts/file-size-legacy-baseline.json","tooling-and-ops","4300","33","86abad99516c9fcefbf920c6b2696b14aae60395c327f3f7f4e168eeedc23161","complete-byte-read-and-line-inventory"
"scripts/launcher-core.mjs","tooling-and-ops","1825","51","7042f869f1f990a04804ec568880b7d928ce8396cb5178f09266f2ea0e895942","complete-byte-read-and-line-inventory"
"scripts/run-tests-with-postgres.mjs","test-and-fixture","16116","397","2a626955d62b6400ac7bdbf1bb7531f636e6c887f520b2b2f7d4eafa8a81c453","complete-byte-read-and-line-inventory"
"scripts/run-tests-with-postgres.test.mjs","test-and-fixture","6568","149","150debea7a7a88b6a2b333ba2e78b78611714f39490dbc9ab3cab368d5367686","complete-byte-read-and-line-inventory"
"scripts/smoke-built-backend.mjs","tooling-and-ops","5369","155","768bf14a852a569407b143647807af2a8e93293411409ad563d0a4d2812ea438","complete-byte-read-and-line-inventory"
"scripts/smoke-built-backend.test.mjs","test-and-fixture","1186","33","7a975885e6fba15394b0edf4022b1d63ac164e18c164eb14315438afd936064d","complete-byte-read-and-line-inventory"
"scripts/start-local-safe.mjs","tooling-and-ops","1923","58","c7670aeef87d43939632633187e49d308c06126f8739470d9193abd4b3c84f24","complete-byte-read-and-line-inventory"
"scripts/start-local-safe.test.mjs","test-and-fixture","1155","28","f405265c158f3f64f3b88c80f58da47f42693b91acd8014fc4dc339a53561991","complete-byte-read-and-line-inventory"
"scripts/test-mutex.mjs","test-and-fixture","12574","294","9145f3cd119ea3b8540f8b67cbb400acc3470d5cf98c50c45cb1b33034adb225","complete-byte-read-and-line-inventory"
"scripts/windows-controller-core.mjs","tooling-and-ops","8502","230","4a8ebffc16b2b7865f60ef76af874f7599d3aae02eb385dd385de5c8842f2971","complete-byte-read-and-line-inventory"
"scripts/windows-controller-core.test.mjs","test-and-fixture","12005","293","e7a4f408a56b2e2f95b4d925b7ba8d5d32d2e73ebbd5cba4c867c42e5188cdc2","complete-byte-read-and-line-inventory"
"scripts/windows-controller.mjs","tooling-and-ops","17900","504","59991ce08571caa4fc8089f7226141f392d6f9b2836d8d9afa567f5c8e407cc8","complete-byte-read-and-line-inventory"
"tsconfig.base.json","configuration-and-assets","419","18","ab28cee284f1b523ee1c2c38931baba0f91f5f3bbf8869f4ee3a816831c32e8b","complete-byte-read-and-line-inventory"
"UI-VISUAL-CONTRACT.md","root-reference-document","12765","227","883ccc87c4b234aeb8fc01260bc18e86c812cb7d7699ca43892dc11883469eab","complete-byte-read-and-line-inventory"
"VALIDATION-GATES.md","root-reference-document","5508","123","7a30ea1e7660297961901b09f74150fc890833ebf86381bf0e896edae4276e15","complete-byte-read-and-line-inventory"
